timestamp,temperature,humidity,sound,prediction
2026-02-10 18:01:19,22.07,44.73,67.56,1
2026-02-10 18:01:20,22.13,44.66,67.51,1
2026-02-10 18:01:21,22.1,44.72,67.85,1
2026-02-10 18:01:22,22.07,44.74,68.29,1
2026-02-10 18:01:23,22.1,44.82,68.84,1
2026-02-10 18:01:24,22.07,44.7,69.22,1
2026-02-10 18:01:25,22.07,44.64,69.63,1
2026-02-10 18:01:26,22.02,44.65,69.51,1
2026-02-10 18:01:27,21.94,44.75,69.13,1
2026-02-10 18:01:28,21.94,44.81,68.7,1
2026-02-10 18:01:29,21.91,44.85,68.96,1
2026-02-10 18:01:30,21.99,44.83,69.19,1
2026-02-10 18:01:31,21.96,44.86,69.64,1
2026-02-10 18:01:32,21.95,45.03,69.46,1
2026-02-10 18:01:33,21.96,45.04,69.32,1
2026-02-10 18:01:34,21.94,45.09,69.91,1
2026-02-10 18:01:35,21.93,45.05,69.96,1
2026-02-10 18:01:36,21.94,45.05,69.84,1
2026-02-10 18:01:37,21.99,44.93,69.74,1
2026-02-10 18:01:38,22.01,45.06,69.66,1
2026-02-10 18:01:39,21.99,45.01,69.66,1
2026-02-10 18:01:40,22.01,45.09,69.44,1
2026-02-10 18:01:41,22.01,45.07,69.41,1
2026-02-10 18:01:42,21.99,45.17,69.58,1
2026-02-10 18:01:43,22.04,45.29,69.82,1
2026-02-10 18:01:44,22.05,45.28,69.7,1
2026-02-10 18:01:45,22.03,45.19,69.86,1
2026-02-10 18:01:46,22.0,45.17,69.73,1
2026-02-10 18:01:47,22.03,45.24,70.2,1
2026-02-10 18:01:48,21.93,45.22,70.16,1
2026-02-10 18:01:49,21.97,45.15,69.99,1
2026-02-10 18:01:50,21.94,45.09,69.91,1
2026-02-10 18:01:51,21.93,45.05,69.47,1
2026-02-10 18:01:52,21.98,44.99,69.39,1
2026-02-10 18:01:53,21.91,45.06,69.7,1
2026-02-10 18:01:54,21.87,45.11,69.54,1
2026-02-10 18:01:55,21.88,45.24,70.01,1
2026-02-10 18:01:56,21.9,45.39,69.97,1
2026-02-10 18:01:57,21.9,45.45,70.06,1
2026-02-10 18:01:58,21.82,45.51,70.36,1
2026-02-10 18:01:59,21.88,45.6,69.72,1
2026-02-10 18:02:00,21.86,45.54,70.14,1
2026-02-10 18:02:01,21.88,45.5,69.98,1
2026-02-10 18:02:02,21.79,45.56,70.05,1
2026-02-10 18:02:03,21.76,45.33,69.85,1
2026-02-10 18:02:04,21.79,45.45,69.29,1
2026-02-10 18:02:05,21.78,45.42,69.33,1
2026-02-10 18:02:06,21.73,45.3,68.98,1
2026-02-10 18:02:07,21.72,45.2,69.44,1
2026-02-10 18:02:08,21.62,45.18,68.99,1
2026-02-10 18:02:09,21.64,45.04,69.19,1
2026-02-10 18:02:10,21.63,44.83,69.3,1
2026-02-10 18:02:11,21.68,44.69,69.12,1
2026-02-10 18:02:12,21.69,44.77,68.56,1
2026-02-10 18:02:13,21.75,44.88,68.75,1
2026-02-10 18:02:14,21.78,44.91,68.89,1
2026-02-10 18:02:15,21.66,44.95,68.68,1
2026-02-10 18:02:16,21.66,44.77,68.48,1
2026-02-10 18:02:17,21.67,44.82,68.79,1
2026-02-10 18:02:18,21.69,44.82,69.13,1
2026-02-10 18:02:19,21.73,44.82,69.1,1
2026-02-10 18:02:20,21.86,45.02,68.84,1
2026-02-10 18:02:21,21.86,44.76,68.9,1
2026-02-10 18:02:22,21.86,44.82,69.45,1
2026-02-10 18:02:23,21.86,44.72,69.28,1
2026-02-10 18:02:24,21.9,44.62,68.94,1
2026-02-10 18:02:25,21.84,44.67,68.65,1
2026-02-10 18:02:26,21.79,44.6,68.5,1
2026-02-10 18:02:27,21.78,44.88,68.65,1
2026-02-10 18:02:28,21.85,44.93,68.97,1
2026-02-10 18:02:29,21.76,44.93,68.61,1
2026-02-10 18:02:30,21.74,44.99,68.21,1
2026-02-10 18:02:31,21.73,44.85,68.17,1
2026-02-10 18:02:32,21.77,44.97,68.71,1
2026-02-10 18:02:33,21.86,44.9,68.66,1
2026-02-10 18:02:34,21.84,45.06,68.58,1
2026-02-10 18:02:35,21.91,45.06,68.81,1
2026-02-10 18:02:36,21.95,44.92,68.4,1
2026-02-10 18:02:37,22.0,44.74,68.31,1
2026-02-10 18:02:38,22.02,44.6,68.13,1
2026-02-10 18:02:39,22.1,44.77,68.11,1
2026-02-10 18:02:40,22.11,44.71,67.79,1
2026-02-10 18:02:41,22.04,44.78,67.73,1
2026-02-10 18:02:42,22.01,44.86,67.71,1
2026-02-10 18:02:43,22.07,44.77,67.85,1
2026-02-10 18:02:44,22.07,44.8,67.36,1
2026-02-10 18:02:45,21.95,44.77,67.13,1
2026-02-10 18:02:46,22.04,44.69,67.53,1
2026-02-10 18:02:47,21.96,44.78,67.16,1
2026-02-10 18:02:48,21.97,44.87,66.84,1
2026-02-10 18:02:49,21.95,44.72,67.31,1
2026-02-10 18:02:50,21.91,44.8,67.34,1
2026-02-10 18:02:51,21.96,44.62,67.27,1
2026-02-10 18:02:52,22.01,44.67,67.09,1
2026-02-10 18:02:53,22.06,44.61,66.89,1
2026-02-10 18:02:54,22.09,44.58,66.75,1
2026-02-10 18:02:55,21.95,44.61,66.46,1
2026-02-10 18:02:56,22.03,44.75,66.3,1
2026-02-10 18:02:57,22.01,44.84,66.71,1
2026-02-10 18:02:58,21.97,44.77,67.06,1
2026-02-10 18:02:59,22.02,44.7,66.48,1
2026-02-10 18:03:00,22.06,44.71,65.84,1
2026-02-10 18:03:01,22.02,44.59,65.97,1
2026-02-10 18:03:02,21.99,44.67,65.55,1
2026-02-10 18:03:03,21.95,44.85,65.78,1
2026-02-10 18:03:04,22.06,44.85,65.68,1
2026-02-10 18:03:05,22.1,44.96,65.67,1
2026-02-10 18:03:06,22.13,44.87,65.68,1
2026-02-10 18:03:07,22.1,44.75,65.82,1
2026-02-10 18:03:08,22.18,44.79,65.76,1
2026-02-10 18:03:09,22.19,44.71,65.78,1
2026-02-10 18:03:10,22.18,44.76,66.17,1
2026-02-10 18:03:11,22.12,44.8,66.64,1
2026-02-10 18:03:12,22.08,44.53,67.17,1
2026-02-10 18:03:13,22.1,44.59,66.94,1
2026-02-10 18:03:14,22.1,44.59,67.09,1
2026-02-10 18:03:15,22.05,44.49,66.44,1
2026-02-10 18:03:16,22.05,44.55,67.01,1
2026-02-10 18:03:17,22.13,44.66,67.49,1
2026-02-10 18:03:18,22.15,44.72,67.2,1
2026-02-10 18:03:19,22.16,44.82,67.2,1
2026-02-10 18:03:20,22.16,44.72,67.03,1
2026-02-10 18:03:21,22.2,44.66,67.4,1
2026-02-10 18:03:22,22.11,44.68,67.65,1
2026-02-10 18:03:23,22.09,44.65,68.05,1
2026-02-10 18:03:24,22.08,44.49,67.8,1
2026-02-10 18:03:25,22.09,44.57,67.72,1
2026-02-10 18:03:26,21.96,44.54,67.47,1
2026-02-10 18:03:27,21.94,44.64,67.41,1
2026-02-10 18:03:28,21.91,44.63,67.36,1
2026-02-10 18:03:29,21.87,44.83,67.52,1
2026-02-10 18:03:30,21.83,44.65,67.69,1
2026-02-10 18:03:31,21.85,44.71,67.37,1
2026-02-10 18:03:32,21.81,44.56,68.16,1
2026-02-10 18:03:33,21.86,44.61,67.89,1
2026-02-10 18:03:34,21.82,44.56,67.67,1
2026-02-10 18:03:35,21.88,44.58,67.61,1
2026-02-10 18:03:36,21.82,44.55,68.12,1
2026-02-10 18:03:37,21.86,44.73,67.76,1
2026-02-10 18:03:38,21.81,44.51,67.38,1
2026-02-10 18:03:39,21.78,44.54,67.45,1
2026-02-10 18:03:40,21.79,44.58,67.11,1
2026-02-10 18:03:41,21.81,44.56,67.14,1
2026-02-10 18:03:42,21.88,44.64,67.7,1
2026-02-10 18:03:43,21.84,44.57,67.5,1
2026-02-10 18:03:44,21.84,44.54,68.1,1
2026-02-10 18:03:45,21.85,44.59,68.11,1
2026-02-10 18:03:46,21.85,44.56,68.67,1
2026-02-10 18:03:47,21.85,44.52,68.59,1
2026-02-10 18:03:48,21.77,44.57,68.16,1
2026-02-10 18:03:49,21.8,44.66,68.25,1
2026-02-10 18:03:50,21.75,44.56,67.88,1
2026-02-10 18:03:51,21.7,44.53,67.99,1
2026-02-10 18:03:52,21.64,44.4,67.98,1
2026-02-10 18:03:53,21.72,44.44,67.78,1
2026-02-10 18:03:54,21.8,44.4,67.53,1
2026-02-10 18:03:55,21.75,44.29,68.39,1
2026-02-10 18:03:56,21.77,44.44,68.26,1
2026-02-10 18:03:57,21.75,44.67,68.23,1
2026-02-10 18:03:58,21.84,44.6,68.15,1
2026-02-10 18:03:59,21.85,44.73,68.18,1
2026-02-10 18:04:00,21.9,44.57,67.94,1
2026-02-10 18:04:01,21.88,44.5,67.67,1
2026-02-10 18:04:02,21.86,44.64,67.46,1
2026-02-10 18:04:03,21.86,44.64,67.39,1
2026-02-10 18:04:04,21.86,44.72,67.31,1
2026-02-10 18:04:05,21.9,44.61,67.08,1
2026-02-10 18:04:06,21.88,44.71,67.59,1
2026-02-10 18:04:07,21.93,44.63,69.92,1
2026-02-10 18:04:08,21.92,44.52,73.07,1
2026-02-10 18:04:09,21.96,44.52,76.35,1
2026-02-10 18:04:10,21.96,44.52,79.71,1
2026-02-10 18:04:11,22.01,44.63,80.79,1
2026-02-10 18:04:12,21.93,44.59,83.39,1
2026-02-10 18:04:13,21.95,44.65,85.02,1
2026-02-10 18:04:14,22.0,44.64,86.86,1
2026-02-10 18:04:15,21.95,44.84,90.05,1
2026-02-10 18:04:16,22.01,44.84,92.16,1
2026-02-10 18:04:17,22.1,44.77,93.45,1
2026-02-10 18:04:18,22.12,44.95,95.73,1
2026-02-10 18:04:19,22.17,44.91,98.66,1
2026-02-10 18:04:20,22.23,44.79,100.9,1
2026-02-10 18:04:21,22.21,45.07,103.18,1
2026-02-10 18:04:22,22.2,45.1,104.04,-1
2026-02-10 18:04:23,22.14,45.11,104.95,-1
2026-02-10 18:04:24,22.18,45.2,106.79,-1
2026-02-10 18:04:25,22.27,45.37,105.57,-1
2026-02-10 18:04:26,22.2,45.57,106.77,-1
2026-02-10 18:04:27,22.19,45.39,109.44,-1
2026-02-10 18:04:28,22.26,45.43,110.52,-1
2026-02-10 18:04:29,22.2,45.32,110.7,-1
2026-02-10 18:04:30,22.19,45.42,111.61,-1
2026-02-10 18:04:31,22.22,45.42,112.11,-1
2026-02-10 18:04:32,22.2,45.59,114.2,-1
2026-02-10 18:04:33,22.17,45.46,115.5,-1
2026-02-10 18:04:34,22.2,45.41,116.73,-1
2026-02-10 18:04:35,22.15,45.38,117.98,-1
2026-02-10 18:04:36,22.1,45.55,121.08,-1
2026-02-10 18:04:37,22.08,45.5,121.46,-1
2026-02-10 18:04:38,22.2,45.43,119.87,-1
2026-02-10 18:04:39,22.24,45.43,118.42,-1
2026-02-10 18:04:40,22.22,45.52,117.08,-1
2026-02-10 18:04:41,22.24,45.36,115.63,-1
2026-02-10 18:04:42,22.25,45.44,114.21,-1
2026-02-10 18:04:43,22.24,45.22,112.61,-1
2026-02-10 18:04:44,22.24,45.21,111.39,-1
2026-02-10 18:04:45,22.21,45.23,110.38,-1
2026-02-10 18:04:46,22.2,45.21,109.18,-1
2026-02-10 18:04:47,22.19,45.17,108.34,-1
2026-02-10 18:04:48,22.25,45.02,107.55,-1
2026-02-10 18:04:49,22.31,44.98,106.02,-1
2026-02-10 18:04:50,22.31,44.78,104.77,-1
2026-02-10 18:04:51,22.24,44.71,104.03,1
2026-02-10 18:04:52,22.22,44.61,102.88,1
2026-02-10 18:04:53,22.23,44.54,101.71,1
2026-02-10 18:04:54,22.22,44.56,101.09,1
2026-02-10 18:04:55,22.27,44.52,100.05,1
2026-02-10 18:04:56,22.25,44.37,98.79,1
2026-02-10 18:04:57,22.23,44.36,97.77,1
2026-02-10 18:04:58,22.2,44.25,96.91,1
2026-02-10 18:04:59,22.27,44.15,95.64,-1
2026-02-10 18:05:00,22.19,44.09,95.33,-1
2026-02-10 18:05:01,22.17,44.08,94.85,-1
2026-02-10 18:05:02,22.11,44.07,94.03,-1
2026-02-10 18:05:03,22.21,44.21,92.92,1
2026-02-10 18:05:04,22.19,44.29,92.07,1
2026-02-10 18:05:05,22.12,44.23,91.33,1
2026-02-10 18:05:06,22.16,44.17,90.66,1
2026-02-10 18:05:07,22.12,44.17,90.23,1
2026-02-10 18:05:08,22.11,44.17,89.44,1
2026-02-10 18:05:09,22.18,44.24,89.0,1
2026-02-10 18:05:10,22.14,44.14,88.2,1
2026-02-10 18:05:11,22.14,44.23,87.75,1
2026-02-10 18:05:12,22.15,44.24,86.88,1
2026-02-10 18:05:13,22.17,44.25,86.52,1
2026-02-10 18:05:14,22.15,44.26,85.91,1
2026-02-10 18:05:15,22.12,44.19,85.32,1
2026-02-10 18:05:16,22.15,44.2,84.62,1
2026-02-10 18:05:17,22.14,44.2,83.73,1
2026-02-10 18:05:18,22.22,44.09,83.23,1
2026-02-10 18:05:19,22.17,43.95,82.71,1
2026-02-10 18:05:20,22.14,43.98,82.67,1
2026-02-10 18:05:21,22.15,43.92,82.42,1
2026-02-10 18:05:22,22.21,43.99,81.94,1
2026-02-10 18:05:23,22.19,44.07,81.49,1
2026-02-10 18:05:24,22.26,44.05,80.88,1
2026-02-10 18:05:25,22.23,43.98,80.68,1
2026-02-10 18:05:26,22.15,43.95,80.8,1
2026-02-10 18:05:27,22.12,44.14,80.46,1
2026-02-10 18:05:28,22.0,44.09,79.47,1
2026-02-10 18:05:29,21.97,44.06,78.75,1
2026-02-10 18:05:30,22.01,44.06,78.4,1
2026-02-10 18:05:31,21.97,44.02,77.69,1
2026-02-10 18:05:32,21.94,44.22,77.35,1
2026-02-10 18:05:33,21.94,44.19,77.01,1
2026-02-10 18:05:34,22.03,44.16,77.34,1
2026-02-10 18:05:35,22.08,44.14,77.54,1
2026-02-10 18:05:36,22.03,44.1,76.95,1
2026-02-10 18:05:37,22.05,44.12,76.42,1
2026-02-10 18:05:38,22.12,44.18,76.28,1
2026-02-10 18:05:39,22.11,44.19,75.93,1
2026-02-10 18:05:40,22.1,44.32,75.73,1
2026-02-10 18:05:41,22.08,44.33,74.8,1
2026-02-10 18:05:42,22.13,44.27,74.77,1
2026-02-10 18:05:43,22.14,44.19,74.56,1
2026-02-10 18:05:44,22.06,44.21,73.99,1
2026-02-10 18:05:45,22.03,44.27,74.01,1
2026-02-10 18:05:46,21.96,44.24,74.14,1
2026-02-10 18:05:47,21.96,44.32,74.23,1
2026-02-10 18:05:48,21.87,44.53,74.14,1
2026-02-10 18:05:49,21.84,44.55,74.11,1
2026-02-10 18:05:50,21.79,44.51,73.74,1
2026-02-10 18:05:51,21.77,44.49,73.31,1
2026-02-10 18:05:52,21.76,44.32,72.8,1
2026-02-10 18:05:53,21.82,44.23,72.79,1
2026-02-10 18:05:54,21.88,44.25,71.49,1
2026-02-10 18:05:55,21.84,44.24,71.26,1
2026-02-10 18:05:56,21.76,44.23,71.42,1
2026-02-10 18:05:57,21.85,44.29,71.42,1
2026-02-10 18:05:58,21.88,44.08,71.66,1
2026-02-10 18:05:59,21.79,44.08,71.65,1
2026-02-10 18:06:00,21.74,44.15,71.32,1
2026-02-10 18:06:01,21.77,44.07,70.76,1
2026-02-10 18:06:02,21.81,44.15,70.88,1
2026-02-10 18:06:03,21.85,44.29,70.69,1
2026-02-10 18:06:04,21.95,44.23,70.9,1
2026-02-10 18:06:05,21.92,44.15,70.83,1
2026-02-10 18:06:06,21.93,44.37,70.0,1
2026-02-10 18:06:07,21.91,44.41,70.19,1
2026-02-10 18:06:08,21.89,44.46,70.52,1
2026-02-10 18:06:09,21.91,44.31,70.32,1
2026-02-10 18:06:10,21.88,44.26,70.09,1
2026-02-10 18:06:11,21.88,44.45,70.44,1
2026-02-10 18:06:12,21.86,44.37,69.96,1
2026-02-10 18:06:13,21.8,44.39,69.86,1
2026-02-10 18:06:14,21.85,44.43,69.94,1
2026-02-10 18:06:15,21.85,44.49,69.46,1
2026-02-10 18:06:16,21.79,44.72,69.59,1
2026-02-10 18:06:17,21.8,44.53,69.84,1
2026-02-10 18:06:18,21.85,44.52,69.41,1
2026-02-10 18:06:19,21.86,44.41,69.73,1
2026-02-10 18:06:20,21.79,44.39,70.09,1
2026-02-10 18:06:21,21.88,44.41,70.29,1
2026-02-10 18:06:22,21.94,44.57,70.3,1
2026-02-10 18:06:23,21.97,44.6,70.38,1
2026-02-10 18:06:24,21.95,44.48,70.89,1
2026-02-10 18:06:25,21.97,44.58,71.28,1
2026-02-10 18:06:26,22.03,44.66,71.42,1
2026-02-10 18:06:27,21.98,44.62,71.26,1
2026-02-10 18:06:28,22.08,44.68,70.72,1
2026-02-10 18:06:29,22.19,44.83,70.3,1
2026-02-10 18:06:30,22.12,44.72,70.51,1
2026-02-10 18:06:31,22.12,44.73,70.72,1
2026-02-10 18:06:32,21.97,44.81,71.08,1
2026-02-10 18:06:33,21.93,44.85,71.16,1
2026-02-10 18:06:34,21.96,44.95,71.03,1
2026-02-10 18:06:35,21.95,44.99,70.93,1
2026-02-10 18:06:36,21.99,45.13,71.08,1
2026-02-10 18:06:37,22.04,45.2,70.57,1
2026-02-10 18:06:38,22.07,45.08,70.46,1
2026-02-10 18:06:39,22.05,45.31,70.56,1
2026-02-10 18:06:40,22.06,45.2,70.69,1
2026-02-10 18:06:41,21.99,45.2,71.08,1
2026-02-10 18:06:42,21.95,45.36,71.39,1
2026-02-10 18:06:43,21.93,45.44,71.72,1
2026-02-10 18:06:44,21.91,45.35,71.62,1
2026-02-10 18:06:45,21.87,45.29,71.32,1
2026-02-10 18:06:46,21.81,45.38,71.37,1
2026-02-10 18:06:47,21.83,45.47,71.6,1
2026-02-10 18:06:48,21.74,45.33,71.21,1
2026-02-10 18:06:49,21.72,45.43,71.1,1
2026-02-10 18:06:50,21.67,45.43,70.1,1
2026-02-10 18:06:51,21.73,45.47,69.93,1
2026-02-10 18:06:52,21.75,45.49,69.64,1
2026-02-10 18:06:53,21.76,45.62,70.0,1
2026-02-10 18:06:54,21.74,45.75,69.55,1
2026-02-10 18:06:55,21.64,45.88,69.8,1
2026-02-10 18:06:56,21.71,45.94,69.59,1
2026-02-10 18:06:57,21.74,45.86,69.44,1
2026-02-10 18:06:58,21.83,45.58,69.67,1
2026-02-10 18:06:59,21.9,45.6,69.45,1
2026-02-10 18:07:00,21.86,45.43,69.4,1
2026-02-10 18:07:01,21.78,45.42,69.21,1
2026-02-10 18:07:02,21.79,45.63,69.28,1
2026-02-10 18:07:03,21.76,45.54,69.91,1
2026-02-10 18:07:04,21.77,45.57,69.78,1
2026-02-10 18:07:05,21.84,45.59,69.45,1
2026-02-10 18:07:06,21.79,45.47,69.55,1
2026-02-10 18:07:07,21.83,45.39,69.6,1
2026-02-10 18:07:08,21.8,45.3,69.38,1
2026-02-10 18:07:09,21.8,45.31,69.41,1
2026-02-10 18:07:10,21.85,45.35,68.96,1
2026-02-10 18:07:11,21.86,45.33,69.14,1
2026-02-10 18:07:12,21.93,45.29,69.01,1
2026-02-10 18:07:13,21.86,45.22,69.1,1
2026-02-10 18:07:14,21.91,45.15,69.44,1
2026-02-10 18:07:15,21.94,45.03,69.69,1
2026-02-10 18:07:16,21.86,45.03,69.71,1
2026-02-10 18:07:17,21.78,44.99,69.53,1
2026-02-10 18:07:18,21.76,44.88,69.9,1
2026-02-10 18:07:19,21.74,44.96,69.87,1
2026-02-10 18:07:20,21.78,44.79,69.92,1
2026-02-10 18:07:21,21.79,44.71,69.38,1
2026-02-10 18:07:22,21.92,44.69,69.59,1
2026-02-10 18:07:23,21.96,44.77,69.74,1
2026-02-10 18:07:24,21.96,44.87,69.39,1
2026-02-10 18:07:25,21.99,45.1,69.53,1
2026-02-10 18:07:26,21.99,44.87,69.51,1
2026-02-10 18:07:27,21.88,44.99,69.83,1
2026-02-10 18:07:28,21.9,45.03,69.9,1
2026-02-10 18:07:29,21.88,45.06,70.02,1
2026-02-10 18:07:30,22.0,45.05,70.27,1
2026-02-10 18:07:31,22.01,45.09,69.68,1
2026-02-10 18:07:32,22.1,45.09,69.78,1
2026-02-10 18:07:33,22.1,44.97,69.36,1
2026-02-10 18:07:34,22.09,44.86,69.7,1
2026-02-10 18:07:35,22.04,44.56,69.78,1
2026-02-10 18:07:36,22.11,44.59,69.44,1
2026-02-10 18:07:37,22.1,44.75,68.88,1
2026-02-10 18:07:38,22.03,44.7,68.73,1
2026-02-10 18:07:39,21.98,44.73,68.67,1
2026-02-10 18:07:40,21.99,44.74,68.56,1
2026-02-10 18:07:41,22.0,44.82,68.42,1
2026-02-10 18:07:42,21.99,44.73,68.59,1
2026-02-10 18:07:43,22.07,44.71,68.61,1
2026-02-10 18:07:44,22.07,44.68,68.63,1
2026-02-10 18:07:45,22.01,44.71,68.56,1
2026-02-10 18:07:46,21.97,44.61,68.56,1
2026-02-10 18:07:47,21.88,44.53,68.34,1
2026-02-10 18:07:48,21.94,44.66,68.22,1
2026-02-10 18:07:49,21.92,44.67,68.27,1
2026-02-10 18:07:50,21.96,44.71,68.67,1
2026-02-10 18:07:51,21.89,44.77,69.08,1
2026-02-10 18:07:52,21.87,44.81,69.32,1
2026-02-10 18:07:53,21.78,44.7,69.46,1
2026-02-10 18:07:54,21.71,44.58,69.25,1
2026-02-10 18:07:55,21.82,44.56,69.09,1
2026-02-10 18:07:56,21.76,44.58,69.39,1
2026-02-10 18:07:57,21.69,44.79,69.44,1
2026-02-10 18:07:58,21.71,44.87,69.34,1
2026-02-10 18:07:59,21.72,44.88,69.58,1
2026-02-10 18:08:00,21.8,44.95,69.23,1
2026-02-10 18:08:01,21.85,44.88,69.13,1
2026-02-10 18:08:02,21.9,44.8,68.79,1
2026-02-10 18:08:03,21.92,44.76,68.6,1
2026-02-10 18:08:04,21.97,44.95,67.95,1
2026-02-10 18:08:05,22.02,44.9,68.16,1
2026-02-10 18:08:06,22.01,45.07,68.24,1
2026-02-10 18:08:07,22.05,45.24,68.12,1
2026-02-10 18:08:08,22.02,45.22,68.02,1
2026-02-10 18:08:09,21.98,45.2,68.15,1
2026-02-10 18:08:10,21.89,45.33,68.08,1
2026-02-10 18:08:11,21.94,45.35,68.53,1
2026-02-10 18:08:12,21.91,45.34,68.7,1
2026-02-10 18:08:13,21.88,45.36,68.63,1
2026-02-10 18:08:14,21.91,45.27,68.76,1
2026-02-10 18:08:15,21.88,45.36,68.4,1
2026-02-10 18:08:16,21.87,45.32,68.35,1
2026-02-10 18:08:17,21.87,45.32,68.26,1
2026-02-10 18:08:18,21.84,45.22,68.25,1
2026-02-10 18:08:19,21.87,45.4,68.25,1
2026-02-10 18:08:20,21.81,45.62,68.15,1
2026-02-10 18:08:21,21.87,45.52,67.78,1
2026-02-10 18:08:22,21.83,45.54,68.16,1
2026-02-10 18:08:23,21.84,45.55,68.26,1
2026-02-10 18:08:24,21.86,45.44,68.29,1
2026-02-10 18:08:25,21.88,45.26,68.36,1
2026-02-10 18:08:26,21.78,45.42,68.99,1
2026-02-10 18:08:27,21.78,45.43,68.67,1
2026-02-10 18:08:28,21.82,45.34,69.1,1
2026-02-10 18:08:29,21.84,45.25,68.79,1
2026-02-10 18:08:30,21.81,45.08,68.9,1
2026-02-10 18:08:31,21.88,45.05,69.31,1
2026-02-10 18:08:32,21.93,45.13,69.41,1
2026-02-10 18:08:33,21.91,45.28,69.47,1
2026-02-10 18:08:34,21.87,44.98,69.12,1
2026-02-10 18:08:35,21.88,44.95,69.01,1
2026-02-10 18:08:36,21.78,44.86,68.79,1
2026-02-10 18:08:37,21.8,44.76,68.94,1
2026-02-10 18:08:38,21.8,44.9,69.72,1
2026-02-10 18:08:39,21.81,44.87,69.8,1
2026-02-10 18:08:40,21.78,44.69,69.76,1
2026-02-10 18:08:41,21.76,44.64,69.88,1
2026-02-10 18:08:42,21.77,44.77,69.6,1
2026-02-10 18:08:43,21.81,44.89,70.44,1
2026-02-10 18:08:44,21.87,44.91,70.57,1
2026-02-10 18:08:45,21.94,44.94,71.1,1
2026-02-10 18:08:46,21.95,44.93,70.48,1
2026-02-10 18:08:47,21.92,44.85,70.45,1
2026-02-10 18:08:48,21.87,44.98,70.12,1
2026-02-10 18:08:49,21.84,45.04,70.1,1
2026-02-10 18:08:50,21.95,45.05,70.28,1
2026-02-10 18:08:51,21.96,45.21,70.4,1
2026-02-10 18:08:52,21.94,45.18,70.07,1
2026-02-10 18:08:53,21.98,45.14,69.98,1
2026-02-10 18:08:54,22.01,45.0,70.24,1
2026-02-10 18:08:55,21.97,45.02,70.61,1
2026-02-10 18:08:56,21.98,45.05,70.6,1
2026-02-10 18:08:57,21.94,45.21,70.47,1
2026-02-10 18:08:58,21.9,45.27,71.13,1
2026-02-10 18:08:59,21.89,45.32,71.44,1
2026-02-10 18:09:00,21.86,45.51,72.28,1
2026-02-10 18:09:01,21.82,45.68,72.23,1
2026-02-10 18:09:02,21.77,45.72,71.87,1
2026-02-10 18:09:03,21.82,45.82,71.7,1
2026-02-10 18:09:04,21.81,45.57,71.79,1
2026-02-10 18:09:05,21.81,45.54,71.95,1
2026-02-10 18:09:06,21.9,45.5,71.28,1
2026-02-10 18:09:07,21.97,45.58,70.6,1
2026-02-10 18:09:08,21.89,45.51,70.87,1
2026-02-10 18:09:09,21.93,45.51,70.94,1
2026-02-10 18:09:10,21.99,45.54,70.66,1
2026-02-10 18:09:11,22.06,45.54,70.17,1
2026-02-10 18:09:12,22.07,45.43,70.01,1
2026-02-10 18:09:13,22.1,45.37,70.26,1
2026-02-10 18:09:14,22.1,45.4,71.15,1
2026-02-10 18:09:15,22.1,45.22,71.0,1
2026-02-10 18:09:16,22.12,45.37,71.26,1
2026-02-10 18:09:17,22.14,45.37,71.72,1
2026-02-10 18:09:18,22.08,45.24,71.66,1
2026-02-10 18:09:19,22.14,45.42,71.78,1
2026-02-10 18:09:20,22.18,45.62,71.81,1
2026-02-10 18:09:21,22.25,45.41,71.92,1
2026-02-10 18:09:22,22.25,45.2,71.84,1
2026-02-10 18:09:23,22.24,45.18,71.9,1
2026-02-10 18:09:24,22.2,45.1,72.11,1
2026-02-10 18:09:25,22.2,45.02,71.82,1
2026-02-10 18:09:26,22.07,44.94,71.23,1
2026-02-10 18:09:27,22.04,44.93,71.13,1
2026-02-10 18:09:28,22.01,44.97,70.73,1
2026-02-10 18:09:29,22.12,45.1,70.26,1
2026-02-10 18:09:30,22.08,45.27,70.26,1
2026-02-10 18:09:31,22.02,45.19,70.41,1
2026-02-10 18:09:32,22.03,45.15,70.25,1
2026-02-10 18:09:33,22.03,45.22,70.26,1
2026-02-10 18:09:34,22.05,45.13,70.26,1
2026-02-10 18:09:35,22.07,45.07,70.16,1
2026-02-10 18:09:36,22.16,45.0,70.09,1
2026-02-10 18:09:37,22.19,44.88,70.35,1
2026-02-10 18:09:38,22.19,44.84,69.76,1
2026-02-10 18:09:39,22.32,44.81,69.49,1
2026-02-10 18:09:40,22.36,44.74,69.31,1
2026-02-10 18:09:41,22.4,44.74,69.14,1
2026-02-10 18:09:42,22.38,44.84,69.36,1
2026-02-10 18:09:43,22.38,44.8,69.49,1
2026-02-10 18:09:44,22.35,44.72,69.42,1
2026-02-10 18:09:45,22.32,44.82,69.63,1
2026-02-10 18:09:46,22.27,44.68,69.07,1
2026-02-10 18:09:47,22.16,44.71,68.72,1
2026-02-10 18:09:48,22.1,44.52,68.62,1
2026-02-10 18:09:49,22.03,44.64,68.29,1
2026-02-10 18:09:50,22.1,44.73,67.95,1
2026-02-10 18:09:51,22.06,44.55,68.05,1
2026-02-10 18:09:52,21.99,44.81,67.69,1
2026-02-10 18:09:53,22.06,44.75,67.87,1
2026-02-10 18:09:54,22.06,44.79,67.77,1
2026-02-10 18:09:55,21.97,45.05,67.52,1
2026-02-10 18:09:56,22.0,44.74,67.4,1
2026-02-10 18:09:57,21.97,44.68,67.58,1
2026-02-10 18:09:58,22.02,44.75,67.26,1
2026-02-10 18:09:59,22.04,44.92,66.8,1
2026-02-10 18:10:00,22.04,44.78,66.79,1
2026-02-10 18:10:01,22.06,44.82,66.75,1
2026-02-10 18:10:02,22.16,44.83,66.66,1
2026-02-10 18:10:03,22.21,44.87,67.35,1
2026-02-10 18:10:04,22.2,44.97,67.41,1
2026-02-10 18:10:05,22.22,45.17,67.14,1
2026-02-10 18:10:06,22.24,45.23,67.35,1
2026-02-10 18:10:07,22.15,45.13,67.08,1
2026-02-10 18:10:08,22.2,45.03,66.84,1
2026-02-10 18:10:09,22.17,45.17,67.26,1
2026-02-10 18:10:10,22.11,45.23,67.34,1
2026-02-10 18:10:11,22.08,45.17,67.5,1
2026-02-10 18:10:12,22.06,45.17,68.04,1
2026-02-10 18:10:13,22.0,45.0,68.4,1
2026-02-10 18:10:14,22.09,45.03,68.68,1
2026-02-10 18:10:15,22.11,45.0,68.91,1
2026-02-10 18:10:16,22.05,44.92,69.36,1
2026-02-10 18:10:17,21.98,44.97,68.9,1
2026-02-10 18:10:18,21.99,44.92,69.01,1
2026-02-10 18:10:19,22.03,44.99,68.44,1
2026-02-10 18:10:20,22.0,45.01,68.66,1
2026-02-10 18:10:21,22.1,45.05,68.77,1
2026-02-10 18:10:22,22.07,45.06,68.61,1
2026-02-10 18:10:23,22.04,45.14,68.62,1
2026-02-10 18:10:24,22.02,45.33,68.44,1
2026-02-10 18:10:25,22.0,45.19,68.08,1
2026-02-10 18:10:26,22.01,45.27,67.9,1
2026-02-10 18:10:27,22.05,45.14,67.43,1
2026-02-10 18:10:28,22.06,45.23,67.27,1
2026-02-10 18:10:29,21.93,45.25,67.26,1
2026-02-10 18:10:30,21.94,45.18,67.46,1
2026-02-10 18:10:31,21.97,45.3,67.11,1
2026-02-10 18:10:32,21.98,45.49,67.31,1
2026-02-10 18:10:33,22.04,45.45,67.64,1
2026-02-10 18:10:34,22.13,45.54,68.06,1
2026-02-10 18:10:35,22.13,45.61,68.23,1
2026-02-10 18:10:36,22.06,45.37,68.1,1
2026-02-10 18:10:37,22.05,45.41,67.61,1
2026-02-10 18:10:38,22.07,45.41,67.63,1
2026-02-10 18:10:39,22.13,45.39,67.56,1
2026-02-10 18:10:40,22.17,45.31,67.98,1
2026-02-10 18:10:41,22.15,45.24,67.72,1
2026-02-10 18:10:42,22.15,45.01,67.15,1
2026-02-10 18:10:43,22.22,44.92,66.95,1
2026-02-10 18:10:44,22.18,45.11,67.03,1
2026-02-10 18:10:45,22.12,45.14,66.7,1
2026-02-10 18:10:46,22.1,45.09,66.77,1
2026-02-10 18:10:47,22.04,45.04,67.18,1
2026-02-10 18:10:48,22.08,44.95,67.68,1
2026-02-10 18:10:49,22.01,44.88,67.94,1
2026-02-10 18:10:50,22.03,45.01,68.0,1
2026-02-10 18:10:51,22.02,44.92,68.09,1
2026-02-10 18:10:52,22.08,44.8,68.54,1
2026-02-10 18:10:53,21.99,44.84,68.7,1
2026-02-10 18:10:54,21.92,44.66,68.55,1
2026-02-10 18:10:55,21.84,44.61,68.49,1
2026-02-10 18:10:56,21.89,44.61,68.5,1
2026-02-10 18:10:57,21.86,44.73,67.96,1
2026-02-10 18:10:58,21.84,44.71,68.17,1
2026-02-10 18:10:59,21.76,44.71,68.73,1
2026-02-10 18:11:00,21.77,44.82,68.59,1
2026-02-10 18:11:01,21.82,44.59,67.9,1
2026-02-10 18:11:02,21.8,44.65,67.59,1
2026-02-10 18:11:03,21.79,44.66,67.53,1
2026-02-10 18:11:04,21.85,44.78,67.3,1
2026-02-10 18:11:05,21.87,44.64,67.17,1
2026-02-10 18:11:06,21.89,44.57,67.3,1
2026-02-10 18:11:07,21.89,44.52,67.48,1
2026-02-10 18:11:08,21.91,44.63,67.54,1
2026-02-10 18:11:09,21.91,44.65,67.36,1
2026-02-10 18:11:10,21.89,44.63,67.54,1
2026-02-10 18:11:11,22.01,44.57,67.69,1
2026-02-10 18:11:12,22.04,44.53,67.46,1
2026-02-10 18:11:13,22.1,44.6,67.11,1
2026-02-10 18:11:14,22.1,44.52,67.25,1
2026-02-10 18:11:15,22.06,44.51,66.97,1
2026-02-10 18:11:16,22.09,44.42,66.79,1
2026-02-10 18:11:17,22.09,44.4,67.04,1
2026-02-10 18:11:18,22.03,44.56,67.23,1
2026-02-10 18:11:19,22.06,44.46,67.33,1
2026-02-10 18:11:20,22.03,44.66,67.59,1
2026-02-10 18:11:21,22.06,44.74,67.66,1
2026-02-10 18:11:22,22.14,44.97,67.29,1
2026-02-10 18:11:23,22.11,44.95,67.43,1
2026-02-10 18:11:24,22.08,44.95,67.62,1
2026-02-10 18:11:25,22.06,44.87,67.88,1
2026-02-10 18:11:26,22.2,44.9,67.58,1
2026-02-10 18:11:27,22.17,45.06,67.14,1
2026-02-10 18:11:28,22.17,45.0,67.83,1
2026-02-10 18:11:29,22.13,45.01,67.52,1
2026-02-10 18:11:30,22.13,44.99,67.46,1
2026-02-10 18:11:31,22.1,44.96,67.04,1
2026-02-10 18:11:32,22.08,45.12,66.81,1
2026-02-10 18:11:33,22.07,45.12,66.79,1
2026-02-10 18:11:34,22.11,45.43,66.71,1
2026-02-10 18:11:35,22.07,45.39,66.98,1
2026-02-10 18:11:36,22.06,45.34,67.0,1
2026-02-10 18:11:37,22.04,45.37,66.96,1
2026-02-10 18:11:38,22.02,45.28,67.17,1
2026-02-10 18:11:39,21.98,45.36,67.39,1
2026-02-10 18:11:40,22.03,45.5,67.26,1
2026-02-10 18:11:41,21.96,45.6,67.88,1
2026-02-10 18:11:42,21.98,45.49,67.44,1
2026-02-10 18:11:43,22.06,45.44,67.29,1
2026-02-10 18:11:44,22.05,45.6,67.73,1
2026-02-10 18:11:45,22.01,45.72,68.15,1
2026-02-10 18:11:46,22.03,45.68,68.82,1
2026-02-10 18:11:47,22.03,45.6,68.5,1
2026-02-10 18:11:48,22.04,45.62,68.73,1
2026-02-10 18:11:49,22.08,45.54,68.77,1
2026-02-10 18:11:50,22.11,45.53,69.06,1
2026-02-10 18:11:51,22.16,45.41,68.87,1
2026-02-10 18:11:52,22.19,45.44,68.57,1
2026-02-10 18:11:53,22.23,45.46,68.68,1
2026-02-10 18:11:54,22.21,45.49,68.26,1
2026-02-10 18:11:55,22.29,45.37,68.21,1
2026-02-10 18:11:56,22.3,45.42,68.21,1
2026-02-10 18:11:57,22.28,45.27,68.38,1
2026-02-10 18:11:58,22.22,45.15,68.25,1
2026-02-10 18:11:59,22.27,45.14,68.59,1
2026-02-10 18:12:00,22.29,45.09,68.52,1
2026-02-10 18:12:01,22.16,45.07,68.84,1
2026-02-10 18:12:02,22.06,45.1,68.08,1
2026-02-10 18:12:03,22.1,45.09,68.02,1
2026-02-10 18:12:04,22.11,45.19,68.39,1
2026-02-10 18:12:05,22.07,45.39,68.02,1
2026-02-10 18:12:06,22.08,45.55,68.21,1
2026-02-10 18:12:07,22.11,45.63,67.77,1
2026-02-10 18:12:08,22.1,45.51,67.65,1
2026-02-10 18:12:09,22.14,45.39,67.8,1
2026-02-10 18:12:10,22.1,45.4,67.98,1
2026-02-10 18:12:11,22.21,45.29,68.32,1
2026-02-10 18:12:12,22.18,45.31,68.44,1
2026-02-10 18:12:13,22.16,45.23,68.67,1
2026-02-10 18:12:14,22.17,45.31,68.57,1
2026-02-10 18:12:15,22.15,45.32,68.74,1
2026-02-10 18:12:16,22.11,45.37,68.41,1
2026-02-10 18:12:17,22.13,45.31,68.83,1
2026-02-10 18:12:18,22.11,45.24,69.28,1
2026-02-10 18:12:19,22.14,45.25,69.02,1
2026-02-10 18:12:20,22.14,44.99,68.85,1
2026-02-10 18:12:21,22.26,44.91,68.53,1
2026-02-10 18:12:22,22.27,44.84,68.33,1
2026-02-10 18:12:23,22.24,44.77,68.43,1
2026-02-10 18:12:24,22.19,44.86,68.63,1
2026-02-10 18:12:25,22.22,44.74,68.85,1
2026-02-10 18:12:26,22.25,44.77,68.63,1
2026-02-10 18:12:27,22.26,44.8,68.89,1
2026-02-10 18:12:28,22.2,44.83,68.41,1
2026-02-10 18:12:29,22.2,44.88,68.4,1
2026-02-10 18:12:30,22.17,44.93,67.87,1
2026-02-10 18:12:31,22.09,44.99,67.9,1
2026-02-10 18:12:32,22.09,45.27,67.95,1
2026-02-10 18:12:33,22.02,45.29,67.92,1
2026-02-10 18:12:34,22.1,45.31,68.13,1
2026-02-10 18:12:35,22.06,45.31,68.32,1
2026-02-10 18:12:36,22.04,45.22,68.28,1
2026-02-10 18:12:37,22.03,45.34,68.66,1
2026-02-10 18:12:38,22.12,45.25,69.0,1
2026-02-10 18:12:39,22.06,45.28,68.53,1
2026-02-10 18:12:40,22.09,45.24,68.64,1
2026-02-10 18:12:41,22.06,45.3,68.51,1
2026-02-10 18:12:42,22.11,45.41,68.49,1
2026-02-10 18:12:43,22.14,45.47,68.37,1
2026-02-10 18:12:44,22.12,45.34,68.26,1
2026-02-10 18:12:45,22.17,45.38,68.59,1
2026-02-10 18:12:46,22.16,45.45,68.38,1
2026-02-10 18:12:47,22.21,45.49,68.75,1
2026-02-10 18:12:48,22.21,45.36,68.9,1
2026-02-10 18:12:49,22.23,45.37,68.24,1
2026-02-10 18:12:50,22.21,45.38,68.02,1
2026-02-10 18:12:51,22.17,45.26,68.47,1
2026-02-10 18:12:52,22.16,45.2,68.8,1
2026-02-10 18:12:53,22.3,45.22,69.28,1
2026-02-10 18:12:54,22.18,45.16,69.17,1
2026-02-10 18:12:55,22.17,45.2,69.51,1
2026-02-10 18:12:56,22.22,45.25,69.7,1
2026-02-10 18:12:57,22.23,45.39,69.3,1
2026-02-10 18:12:58,22.24,45.33,69.58,1
2026-02-10 18:12:59,22.17,45.4,70.02,1
2026-02-10 18:13:00,22.22,45.46,70.03,1
2026-02-10 18:13:01,22.19,45.3,69.73,1
2026-02-10 18:13:02,22.21,45.29,69.55,1
2026-02-10 18:13:03,22.27,45.22,69.16,1
2026-02-10 18:13:04,22.25,45.19,69.63,1
2026-02-10 18:13:05,22.23,45.13,69.78,1
2026-02-10 18:13:06,22.26,45.2,69.74,1
2026-02-10 18:13:07,22.29,45.3,69.4,1
2026-02-10 18:13:08,22.24,45.39,69.41,1
2026-02-10 18:13:09,22.19,45.31,69.37,1
2026-02-10 18:13:10,22.16,45.34,69.74,1
2026-02-10 18:13:11,22.07,45.42,68.88,1
2026-02-10 18:13:12,22.0,45.43,68.83,1
2026-02-10 18:13:13,22.05,45.44,68.65,1
2026-02-10 18:13:14,22.12,45.43,68.96,1
2026-02-10 18:13:15,22.07,45.46,68.4,1
2026-02-10 18:13:16,22.09,45.48,68.21,1
2026-02-10 18:13:17,22.16,45.34,68.42,1
2026-02-10 18:13:18,22.14,45.27,68.76,1
2026-02-10 18:13:19,22.08,45.26,68.71,1
2026-02-10 18:13:20,22.07,45.05,68.46,1
2026-02-10 18:13:21,22.11,45.12,68.55,1
2026-02-10 18:13:22,22.17,45.2,68.7,1
2026-02-10 18:13:23,22.17,45.22,68.83,1
2026-02-10 18:13:24,22.13,45.18,68.54,1
2026-02-10 18:13:25,22.13,45.19,68.41,1
2026-02-10 18:13:26,22.15,45.22,68.43,1
2026-02-10 18:13:27,22.16,45.34,68.19,1
2026-02-10 18:13:28,22.17,45.42,68.3,1
2026-02-10 18:13:29,22.15,45.48,67.98,1
2026-02-10 18:13:30,22.16,45.6,68.14,1
2026-02-10 18:13:31,22.24,45.58,67.52,1
2026-02-10 18:13:32,22.13,45.6,67.29,1
2026-02-10 18:13:33,22.06,45.89,67.84,1
2026-02-10 18:13:34,21.9,45.72,67.63,1
2026-02-10 18:13:35,21.95,45.68,68.35,1
2026-02-10 18:13:36,21.94,45.47,67.87,1
2026-02-10 18:13:37,21.86,45.39,68.14,1
2026-02-10 18:13:38,21.85,45.36,68.11,1
2026-02-10 18:13:39,21.87,45.48,67.9,1
2026-02-10 18:13:40,21.85,45.58,68.04,1
2026-02-10 18:13:41,22.0,45.47,67.89,1
2026-02-10 18:13:42,21.97,45.31,68.27,1
2026-02-10 18:13:43,21.98,45.36,68.19,1
2026-02-10 18:13:44,21.97,45.44,68.19,1
2026-02-10 18:13:45,21.93,45.45,68.17,1
2026-02-10 18:13:46,22.02,45.4,68.77,1
2026-02-10 18:13:47,22.05,45.42,68.93,1
2026-02-10 18:13:48,22.13,45.21,69.41,1
2026-02-10 18:13:49,22.07,45.13,69.44,1
2026-02-10 18:13:50,22.1,45.06,69.16,1
2026-02-10 18:13:51,22.16,45.06,69.19,1
2026-02-10 18:13:52,22.16,45.08,69.17,1
2026-02-10 18:13:53,22.2,45.22,69.27,1
2026-02-10 18:13:54,22.09,45.21,69.12,1
2026-02-10 18:13:55,22.04,44.92,68.99,1
2026-02-10 18:13:56,22.02,44.75,68.85,1
2026-02-10 18:13:57,22.11,44.77,68.98,1
2026-02-10 18:13:58,22.12,44.85,69.15,1
2026-02-10 18:13:59,22.2,44.83,69.08,1
2026-02-10 18:14:00,22.15,44.83,68.59,1
2026-02-10 18:14:01,22.18,44.83,68.16,1
2026-02-10 18:14:02,22.13,44.88,68.36,1
2026-02-10 18:14:03,22.15,44.78,68.57,1
2026-02-10 18:14:04,22.17,44.79,68.28,1
2026-02-10 18:14:05,22.17,44.83,68.14,1
2026-02-10 18:14:06,22.16,44.7,67.82,1
2026-02-10 18:14:07,22.21,44.74,67.7,1
2026-02-10 18:14:08,22.17,44.73,67.5,1
2026-02-10 18:14:09,22.21,44.6,67.46,1
2026-02-10 18:14:10,22.22,44.66,67.81,1
2026-02-10 18:14:11,22.28,44.86,67.86,1
2026-02-10 18:14:12,22.29,44.86,67.69,1
2026-02-10 18:14:13,22.34,45.03,67.55,1
2026-02-10 18:14:14,22.38,45.23,67.07,1
2026-02-10 18:14:15,22.33,45.3,66.56,1
2026-02-10 18:14:16,22.22,45.2,66.92,1
2026-02-10 18:14:17,22.19,45.24,67.24,1
2026-02-10 18:14:18,22.11,45.35,66.91,1
2026-02-10 18:14:19,22.13,45.45,66.86,1
2026-02-10 18:14:20,22.12,45.43,67.07,1
2026-02-10 18:14:21,22.0,45.51,67.75,1
2026-02-10 18:14:22,22.06,45.46,67.87,1
2026-02-10 18:14:23,22.03,45.42,67.7,1
2026-02-10 18:14:24,22.07,45.52,67.09,1
2026-02-10 18:14:25,22.09,45.45,67.36,1
2026-02-10 18:14:26,22.13,45.37,67.47,1
2026-02-10 18:14:27,22.13,45.35,67.04,1
2026-02-10 18:14:28,22.12,45.39,67.49,1
2026-02-10 18:14:29,22.15,45.11,67.35,1
2026-02-10 18:14:30,22.13,45.12,67.44,1
2026-02-10 18:14:31,22.03,45.24,67.63,1
2026-02-10 18:14:32,21.99,45.39,67.65,1
2026-02-10 18:14:33,22.0,45.28,68.23,1
2026-02-10 18:14:34,22.04,45.39,68.42,1
2026-02-10 18:14:35,22.03,45.36,67.76,1
2026-02-10 18:14:36,22.05,45.39,67.78,1
2026-02-10 18:14:37,22.0,45.41,68.53,1
2026-02-10 18:14:38,21.87,45.34,68.43,1
2026-02-10 18:14:39,21.9,45.34,68.93,1
2026-02-10 18:14:40,21.89,45.25,69.33,1
2026-02-10 18:14:41,21.83,45.23,69.08,1
2026-02-10 18:14:42,21.8,45.26,68.91,1
2026-02-10 18:14:43,21.74,45.28,68.81,1
2026-02-10 18:14:44,21.79,45.25,69.01,1
2026-02-10 18:14:45,21.74,45.35,68.57,1
2026-02-10 18:14:46,21.79,45.31,68.78,1
2026-02-10 18:14:47,21.82,45.36,68.45,1
2026-02-10 18:14:48,21.81,45.48,68.66,1
2026-02-10 18:14:49,21.71,45.31,68.41,1
2026-02-10 18:14:50,21.75,45.32,68.25,1
2026-02-10 18:14:51,21.83,45.28,67.79,1
2026-02-10 18:14:52,21.89,45.32,67.43,1
2026-02-10 18:14:53,21.96,45.23,66.91,1
2026-02-10 18:14:54,21.96,45.22,66.94,1
2026-02-10 18:14:55,21.92,45.13,67.32,1
2026-02-10 18:14:56,21.92,45.18,67.93,1
2026-02-10 18:14:57,22.01,45.18,67.95,1
2026-02-10 18:14:58,22.06,45.11,68.32,1
2026-02-10 18:14:59,22.13,45.23,68.14,1
2026-02-10 18:15:00,22.08,45.15,68.17,1
2026-02-10 18:15:01,22.06,45.2,68.28,1
2026-02-10 18:15:02,22.03,45.29,68.71,1
2026-02-10 18:15:03,22.1,45.16,68.86,1
2026-02-10 18:15:04,22.02,45.12,68.69,1
2026-02-10 18:15:05,21.98,45.26,68.48,1
2026-02-10 18:15:06,21.97,45.27,68.61,1
2026-02-10 18:15:07,22.05,45.31,67.92,1
2026-02-10 18:15:08,22.1,45.11,67.74,1
2026-02-10 18:15:09,22.16,45.19,67.68,1
2026-02-10 18:15:10,22.14,45.06,67.99,1
2026-02-10 18:15:11,22.18,45.02,67.84,1
2026-02-10 18:15:12,22.18,45.0,68.09,1
2026-02-10 18:15:13,22.11,45.0,68.05,1
2026-02-10 18:15:14,22.09,44.99,68.35,1
2026-02-10 18:15:15,21.96,45.07,68.54,1
2026-02-10 18:15:16,21.98,45.01,68.78,1
2026-02-10 18:15:17,21.94,45.04,68.96,1
2026-02-10 18:15:18,21.98,44.95,68.44,1
2026-02-10 18:15:19,21.99,44.97,68.64,1
2026-02-10 18:15:20,21.93,45.05,68.33,1
2026-02-10 18:15:21,21.96,45.03,68.54,1
2026-02-10 18:15:22,21.94,45.02,68.49,1
2026-02-10 18:15:23,21.98,45.03,68.58,1
2026-02-10 18:15:24,22.0,44.99,68.4,1
2026-02-10 18:15:25,22.06,44.96,68.42,1
2026-02-10 18:15:26,21.99,45.01,68.11,1
2026-02-10 18:15:27,22.01,44.94,68.59,1
2026-02-10 18:15:28,21.99,45.13,69.02,1
2026-02-10 18:15:29,22.04,45.22,68.55,1
2026-02-10 18:15:30,22.01,45.16,68.62,1
2026-02-10 18:15:31,22.05,45.08,68.91,1
2026-02-10 18:15:32,22.07,44.87,68.53,1
2026-02-10 18:15:33,22.08,44.85,68.64,1
2026-02-10 18:15:34,22.07,44.8,68.61,1
2026-02-10 18:15:35,22.02,44.9,68.18,1
2026-02-10 18:15:36,21.95,44.64,67.99,1
2026-02-10 18:15:37,21.93,44.53,67.86,1
2026-02-10 18:15:38,21.97,44.38,68.11,1
2026-02-10 18:15:39,21.92,44.26,67.71,1
2026-02-10 18:15:40,21.93,44.18,67.33,1
2026-02-10 18:15:41,21.99,44.1,67.26,1
2026-02-10 18:15:42,22.06,44.12,67.33,1
2026-02-10 18:15:43,22.02,44.09,67.07,1
2026-02-10 18:15:44,22.01,44.09,67.24,1
2026-02-10 18:15:45,21.95,44.17,67.9,1
2026-02-10 18:15:46,21.96,44.05,67.5,1
2026-02-10 18:15:47,21.92,44.11,67.49,1
2026-02-10 18:15:48,21.86,44.12,68.13,1
2026-02-10 18:15:49,21.91,44.38,67.67,1
2026-02-10 18:15:50,21.97,44.42,67.96,1
2026-02-10 18:15:51,21.99,44.56,68.16,1
2026-02-10 18:15:52,21.96,44.63,68.02,1
2026-02-10 18:15:53,22.01,44.67,68.37,1
2026-02-10 18:15:54,21.97,44.67,68.43,1
2026-02-10 18:15:55,22.0,44.63,68.58,1
2026-02-10 18:15:56,22.02,44.7,68.38,1
2026-02-10 18:15:57,22.02,44.55,68.5,1
2026-02-10 18:15:58,22.05,44.49,68.7,1
2026-02-10 18:15:59,22.02,44.48,68.83,1
2026-02-10 18:16:00,21.99,44.68,68.58,1
2026-02-10 18:16:01,21.93,44.72,67.99,1
2026-02-10 18:16:02,21.83,44.84,68.46,1
2026-02-10 18:16:03,21.77,44.71,68.44,1
2026-02-10 18:16:04,21.71,44.8,68.99,1
2026-02-10 18:16:05,21.76,44.83,69.06,1
2026-02-10 18:16:06,21.76,44.97,69.1,1
2026-02-10 18:16:07,21.8,44.93,69.13,1
2026-02-10 18:16:08,21.78,45.0,68.99,1
2026-02-10 18:16:09,21.74,44.89,68.6,1
2026-02-10 18:16:10,21.77,44.97,68.57,1
2026-02-10 18:16:11,21.77,44.99,69.01,1
2026-02-10 18:16:12,21.82,45.02,69.06,1
2026-02-10 18:16:13,21.84,44.88,68.95,1
2026-02-10 18:16:14,21.91,44.79,68.42,1
2026-02-10 18:16:15,21.95,44.81,68.33,1
2026-02-10 18:16:16,21.91,44.88,68.62,1
2026-02-10 18:16:17,21.94,44.96,68.71,1
2026-02-10 18:16:18,21.91,44.93,69.22,1
2026-02-10 18:16:19,21.98,44.78,68.92,1
2026-02-10 18:16:20,21.95,44.69,68.91,1
2026-02-10 18:16:21,21.9,44.77,69.07,1
2026-02-10 18:16:22,21.93,44.84,69.0,1
2026-02-10 18:16:23,21.94,44.81,69.37,1
2026-02-10 18:16:24,21.95,44.69,68.87,1
2026-02-10 18:16:25,21.86,44.74,68.19,1
2026-02-10 18:16:26,21.82,44.91,67.9,1
2026-02-10 18:16:27,21.81,44.92,67.89,1
2026-02-10 18:16:28,21.86,44.93,67.18,1
2026-02-10 18:16:29,21.92,44.99,67.01,1
2026-02-10 18:16:30,21.91,45.12,66.81,1
2026-02-10 18:16:31,21.88,45.28,66.47,1
2026-02-10 18:16:32,21.92,45.37,66.3,1
2026-02-10 18:16:33,21.89,45.54,66.39,1
2026-02-10 18:16:34,21.82,45.58,66.68,1
2026-02-10 18:16:35,21.84,45.63,67.08,1
2026-02-10 18:16:36,21.78,45.6,66.88,1
2026-02-10 18:16:37,21.84,45.43,66.51,1
2026-02-10 18:16:38,21.9,45.36,66.89,1
2026-02-10 18:16:39,21.99,45.34,66.35,1
2026-02-10 18:16:40,22.06,45.47,66.2,1
2026-02-10 18:16:41,22.08,45.29,66.29,1
2026-02-10 18:16:42,22.09,45.38,65.95,1
2026-02-10 18:16:43,22.04,45.41,66.02,1
2026-02-10 18:16:44,21.99,45.58,66.05,1
2026-02-10 18:16:45,22.05,45.65,65.81,1
2026-02-10 18:16:46,22.02,45.63,65.66,1
2026-02-10 18:16:47,22.04,45.61,65.6,1
2026-02-10 18:16:48,22.02,45.54,65.71,1
2026-02-10 18:16:49,22.05,45.39,65.96,1
2026-02-10 18:16:50,22.04,45.53,65.74,1
2026-02-10 18:16:51,22.06,45.69,66.07,1
2026-02-10 18:16:52,22.08,45.72,65.45,1
2026-02-10 18:16:53,21.98,45.68,65.62,1
2026-02-10 18:16:54,22.03,45.53,65.57,1
2026-02-10 18:16:55,22.04,45.58,66.08,1
2026-02-10 18:16:56,21.97,45.63,65.52,1
2026-02-10 18:16:57,21.98,45.51,65.42,1
2026-02-10 18:16:58,22.02,45.48,65.54,1
2026-02-10 18:16:59,21.9,45.36,65.79,1
2026-02-10 18:17:00,21.96,45.49,65.22,1
2026-02-10 18:17:01,21.95,45.54,65.27,1
2026-02-10 18:17:02,22.01,45.35,65.25,1
2026-02-10 18:17:03,21.89,45.32,64.97,1
2026-02-10 18:17:04,21.84,45.14,64.91,1
2026-02-10 18:17:05,21.9,45.16,65.36,1
2026-02-10 18:17:06,21.95,45.07,65.19,1
2026-02-10 18:17:07,21.95,45.1,65.09,1
2026-02-10 18:17:08,21.9,45.02,64.96,1
2026-02-10 18:17:09,21.92,44.98,64.72,1
2026-02-10 18:17:10,21.91,44.96,64.8,1
2026-02-10 18:17:11,21.95,44.9,64.99,1
2026-02-10 18:17:12,21.92,44.92,65.44,1
2026-02-10 18:17:13,21.99,44.99,65.95,1
2026-02-10 18:17:14,21.97,45.03,65.9,1
2026-02-10 18:17:15,21.92,44.98,65.8,1
2026-02-10 18:17:16,21.94,45.03,65.38,1
2026-02-10 18:17:17,21.93,44.91,65.49,1
2026-02-10 18:17:18,21.94,44.87,65.42,1
2026-02-10 18:17:19,21.99,44.86,65.58,1
2026-02-10 18:17:20,21.97,44.83,65.65,1
2026-02-10 18:17:21,22.01,44.84,65.39,1
2026-02-10 18:17:22,22.01,44.85,65.24,1
2026-02-10 18:17:23,22.03,44.95,65.42,1
2026-02-10 18:17:24,22.02,44.86,65.43,1
2026-02-10 18:17:25,22.05,44.8,65.21,1
2026-02-10 18:17:26,22.03,44.91,65.6,1
2026-02-10 18:17:27,22.03,45.02,66.13,1
2026-02-10 18:17:28,22.05,45.13,65.77,1
2026-02-10 18:17:29,21.99,45.04,65.8,1
2026-02-10 18:17:30,21.91,45.11,65.82,1
2026-02-10 18:17:31,21.95,45.22,65.45,1
2026-02-10 18:17:32,21.97,45.09,65.41,1
2026-02-10 18:17:33,22.03,45.0,65.24,1
2026-02-10 18:17:34,22.05,44.98,65.38,1
2026-02-10 18:17:35,22.02,44.97,65.26,1
2026-02-10 18:17:36,22.06,44.86,65.23,1
2026-02-10 18:17:37,22.04,44.83,65.45,1
2026-02-10 18:17:38,22.05,44.97,65.8,1
2026-02-10 18:17:39,22.09,45.08,65.65,1
2026-02-10 18:17:40,22.1,45.24,65.61,1
2026-02-10 18:17:41,22.05,44.98,65.39,1
2026-02-10 18:17:42,22.12,45.03,64.83,1
2026-02-10 18:17:43,22.18,45.1,64.76,1
2026-02-10 18:17:44,22.2,44.98,64.92,1
2026-02-10 18:17:45,22.15,44.93,65.55,1
2026-02-10 18:17:46,22.06,44.92,65.55,1
2026-02-10 18:17:47,22.01,44.84,65.86,1
2026-02-10 18:17:48,21.99,44.86,65.99,1
2026-02-10 18:17:49,22.07,44.89,65.98,1
2026-02-10 18:17:50,22.04,44.91,66.16,1
2026-02-10 18:17:51,21.96,44.61,66.8,1
2026-02-10 18:17:52,22.01,44.58,66.87,1
2026-02-10 18:17:53,22.02,44.56,67.06,1
2026-02-10 18:17:54,22.05,44.51,66.89,1
2026-02-10 18:17:55,22.01,44.65,67.21,1
2026-02-10 18:17:56,22.1,44.73,67.5,1
2026-02-10 18:17:57,22.12,44.65,67.45,1
2026-02-10 18:17:58,22.1,44.7,67.81,1
2026-02-10 18:17:59,22.12,44.79,67.75,1
2026-02-10 18:18:00,22.15,44.88,67.96,1
2026-02-10 18:18:01,22.19,45.06,67.69,1
2026-02-10 18:18:02,22.17,44.99,68.01,1
2026-02-10 18:18:03,22.12,45.13,68.3,1
2026-02-10 18:18:04,22.15,45.45,67.77,1
2026-02-10 18:18:05,22.14,45.33,67.89,1
2026-02-10 18:18:06,22.13,45.24,67.97,1
2026-02-10 18:18:07,22.14,45.25,68.03,1
2026-02-10 18:18:08,22.25,45.3,68.46,1
2026-02-10 18:18:09,22.15,45.18,68.45,1
2026-02-10 18:18:10,22.2,45.07,68.8,1
2026-02-10 18:18:11,22.21,45.19,68.69,1
2026-02-10 18:18:12,22.16,45.12,68.99,1
2026-02-10 18:18:13,22.15,44.98,69.5,1
2026-02-10 18:18:14,22.2,45.08,69.54,1
2026-02-10 18:18:15,22.18,44.93,70.25,1
2026-02-10 18:18:16,22.07,45.1,70.23,1
2026-02-10 18:18:17,22.09,45.15,70.06,1
2026-02-10 18:18:18,22.06,44.99,70.25,1
2026-02-10 18:18:19,22.04,44.88,70.1,1
2026-02-10 18:18:20,22.1,44.94,69.81,1
2026-02-10 18:18:21,22.18,44.94,69.74,1
2026-02-10 18:18:22,22.14,44.86,69.87,1
2026-02-10 18:18:23,22.1,44.95,69.79,1
2026-02-10 18:18:24,22.07,44.91,69.51,1
2026-02-10 18:18:25,22.02,44.78,69.49,1
2026-02-10 18:18:26,21.88,44.7,69.42,1
2026-02-10 18:18:27,21.81,44.68,68.99,1
2026-02-10 18:18:28,21.83,44.59,68.82,1
2026-02-10 18:18:29,21.77,44.4,69.1,1
2026-02-10 18:18:30,21.81,44.5,68.72,1
2026-02-10 18:18:31,21.83,44.32,68.02,1
2026-02-10 18:18:32,21.81,44.44,67.86,1
2026-02-10 18:18:33,21.76,44.61,67.48,1
2026-02-10 18:18:34,21.7,44.57,67.43,1
2026-02-10 18:18:35,21.65,44.71,67.77,1
2026-02-10 18:18:36,21.68,44.82,67.8,1
2026-02-10 18:18:37,21.66,44.92,68.05,1
2026-02-10 18:18:38,21.66,44.88,68.34,1
2026-02-10 18:18:39,21.66,44.75,68.01,1
2026-02-10 18:18:40,21.66,44.82,67.86,1
2026-02-10 18:18:41,21.65,44.87,67.69,1
2026-02-10 18:18:42,21.59,44.94,67.54,1
2026-02-10 18:18:43,21.64,45.0,67.56,1
2026-02-10 18:18:44,21.7,45.17,68.04,1
2026-02-10 18:18:45,21.67,45.14,68.64,1
2026-02-10 18:18:46,21.71,44.85,68.82,1
2026-02-10 18:18:47,21.71,44.8,68.33,1
2026-02-10 18:18:48,21.77,44.83,68.04,1
2026-02-10 18:18:49,21.82,44.86,68.0,1
2026-02-10 18:18:50,21.79,44.93,67.99,1
2026-02-10 18:18:51,21.77,45.04,68.25,1
2026-02-10 18:18:52,21.73,45.02,67.99,1
2026-02-10 18:18:53,21.72,45.02,67.95,1
2026-02-10 18:18:54,21.68,45.18,67.74,1
2026-02-10 18:18:55,21.67,45.26,67.84,1
2026-02-10 18:18:56,21.6,45.2,67.69,1
2026-02-10 18:18:57,21.65,45.22,67.79,1
2026-02-10 18:18:58,21.73,45.03,67.78,1
2026-02-10 18:18:59,21.79,45.14,67.27,1
2026-02-10 18:19:00,21.9,44.98,66.92,1
2026-02-10 18:19:01,21.79,45.02,67.01,1
2026-02-10 18:19:02,21.86,45.05,67.53,1
2026-02-10 18:19:03,21.86,45.15,67.69,1
2026-02-10 18:19:04,21.78,45.03,67.9,1
2026-02-10 18:19:05,21.74,45.14,67.65,1
2026-02-10 18:19:06,21.82,45.05,67.49,1
2026-02-10 18:19:07,21.76,44.9,67.37,1
2026-02-10 18:19:08,21.83,45.03,67.42,1
2026-02-10 18:19:09,21.71,45.19,67.13,1
2026-02-10 18:19:10,21.66,45.12,67.42,1
2026-02-10 18:19:11,21.64,45.28,67.35,1
2026-02-10 18:19:12,21.68,45.24,67.96,1
2026-02-10 18:19:13,21.65,45.22,67.98,1
2026-02-10 18:19:14,21.68,45.27,68.02,1
2026-02-10 18:19:15,21.78,45.19,67.8,1
2026-02-10 18:19:16,21.87,45.21,68.0,1
2026-02-10 18:19:17,21.89,45.08,68.07,1
2026-02-10 18:19:18,21.89,45.12,67.88,1
2026-02-10 18:19:19,21.79,45.09,68.15,1
2026-02-10 18:19:20,21.8,44.86,67.87,1
2026-02-10 18:19:21,21.78,44.89,68.09,1
2026-02-10 18:19:22,21.83,45.06,67.67,1
2026-02-10 18:19:23,21.84,45.05,67.63,1
2026-02-10 18:19:24,21.83,45.18,67.24,1
2026-02-10 18:19:25,21.84,45.23,66.85,1
2026-02-10 18:19:26,21.87,45.29,67.12,1
2026-02-10 18:19:27,21.85,45.32,67.18,1
2026-02-10 18:19:28,21.91,45.26,66.63,1
2026-02-10 18:19:29,21.88,45.2,67.09,1
2026-02-10 18:19:30,21.89,45.2,67.02,1
2026-02-10 18:19:31,21.86,45.32,66.78,1
2026-02-10 18:19:32,21.84,45.42,66.98,1
2026-02-10 18:19:33,21.82,45.49,66.79,1
2026-02-10 18:19:34,21.86,45.41,66.89,1
2026-02-10 18:19:35,21.92,45.52,67.41,1
2026-02-10 18:19:36,22.02,45.35,67.74,1
2026-02-10 18:19:37,22.06,45.43,68.12,1
2026-02-10 18:19:38,22.12,45.51,68.21,1
2026-02-10 18:19:39,22.12,45.38,68.81,1
2026-02-10 18:19:40,22.28,45.33,68.95,1
2026-02-10 18:19:41,22.23,45.26,69.06,1
2026-02-10 18:19:42,22.26,45.37,68.96,1
2026-02-10 18:19:43,22.24,45.38,69.22,1
2026-02-10 18:19:44,22.17,45.41,69.75,1
2026-02-10 18:19:45,22.15,45.31,69.77,1
2026-02-10 18:19:46,22.16,45.35,69.77,1
2026-02-10 18:19:47,22.2,45.44,69.05,1
2026-02-10 18:19:48,22.24,45.58,69.41,1
2026-02-10 18:19:49,22.22,45.76,69.32,1
2026-02-10 18:19:50,22.2,45.79,69.65,1
2026-02-10 18:19:51,22.25,45.86,69.17,1
2026-02-10 18:19:52,22.15,45.86,68.82,1
2026-02-10 18:19:53,22.19,45.89,68.81,1
2026-02-10 18:19:54,22.18,45.68,68.18,1
2026-02-10 18:19:55,22.15,45.61,68.12,1
2026-02-10 18:19:56,22.2,45.68,67.68,1
2026-02-10 18:19:57,22.24,45.68,67.55,1
2026-02-10 18:19:58,22.24,45.57,67.41,1
2026-02-10 18:19:59,22.23,45.54,66.85,1
2026-02-10 18:20:00,22.15,45.54,66.81,1
2026-02-10 18:20:01,22.18,45.52,66.74,1
2026-02-10 18:20:02,22.15,45.54,66.86,1
2026-02-10 18:20:03,22.18,45.46,66.74,1
2026-02-10 18:20:04,22.17,45.43,66.41,1
2026-02-10 18:20:05,22.24,45.33,66.85,1
2026-02-10 18:20:06,22.18,45.45,67.14,1
2026-02-10 18:20:07,22.15,45.54,67.79,1
2026-02-10 18:20:08,22.16,45.56,67.87,1
2026-02-10 18:20:09,22.21,45.57,67.91,1
2026-02-10 18:20:10,22.26,45.51,67.85,1
2026-02-10 18:20:11,22.31,45.49,67.92,1
2026-02-10 18:20:12,22.22,45.46,67.71,1
2026-02-10 18:20:13,22.15,45.43,68.19,1
2026-02-10 18:20:14,22.04,45.34,68.11,1
2026-02-10 18:20:15,22.07,45.36,68.5,1
2026-02-10 18:20:16,22.03,45.27,67.64,1
2026-02-10 18:20:17,21.93,45.08,67.62,1
2026-02-10 18:20:18,21.93,44.8,67.46,1
2026-02-10 18:20:19,21.86,44.96,67.31,1
2026-02-10 18:20:20,21.79,44.96,67.51,1
2026-02-10 18:20:21,21.76,44.92,67.3,1
2026-02-10 18:20:22,21.78,44.86,67.42,1
2026-02-10 18:20:23,21.81,44.8,66.91,1
2026-02-10 18:20:24,21.85,44.84,66.64,1
2026-02-10 18:20:25,21.87,44.77,66.49,1
2026-02-10 18:20:26,21.88,44.76,66.33,1
2026-02-10 18:20:27,21.95,44.62,66.25,1
2026-02-10 18:20:28,21.88,44.89,66.14,1
2026-02-10 18:20:29,21.89,44.73,65.58,1
2026-02-10 18:20:30,21.97,44.66,66.06,1
2026-02-10 18:20:31,21.97,44.55,66.17,1
2026-02-10 18:20:32,22.01,44.66,66.27,1
2026-02-10 18:20:33,21.92,44.7,66.35,1
2026-02-10 18:20:34,22.02,44.75,67.03,1
2026-02-10 18:20:35,22.06,44.88,67.02,1
2026-02-10 18:20:36,22.0,44.78,67.41,1
2026-02-10 18:20:37,21.92,44.94,67.03,1
2026-02-10 18:20:38,21.83,44.91,66.79,1
2026-02-10 18:20:39,21.8,44.99,67.09,1
2026-02-10 18:20:40,21.78,44.99,66.45,1
2026-02-10 18:20:41,21.72,45.02,66.01,1
2026-02-10 18:20:42,21.81,45.08,65.97,1
2026-02-10 18:20:43,21.8,44.9,66.06,1
2026-02-10 18:20:44,21.91,44.84,66.1,1
2026-02-10 18:20:45,21.86,44.83,66.41,1
2026-02-10 18:20:46,21.74,44.72,66.15,1
2026-02-10 18:20:47,21.76,44.67,66.24,1
2026-02-10 18:20:48,21.73,44.48,66.45,1
2026-02-10 18:20:49,21.73,44.6,67.08,1
2026-02-10 18:20:50,21.74,44.67,67.61,1
2026-02-10 18:20:51,21.7,44.81,67.73,1
2026-02-10 18:20:52,21.67,44.76,67.51,1
2026-02-10 18:20:53,21.7,44.8,67.38,1
2026-02-10 18:20:54,21.7,44.76,67.65,1
2026-02-10 18:20:55,21.7,44.57,67.66,1
2026-02-10 18:20:56,21.62,44.59,67.8,1
2026-02-10 18:20:57,21.66,44.62,67.73,1
2026-02-10 18:20:58,21.68,44.84,67.79,1
2026-02-10 18:20:59,21.67,44.83,67.82,1
2026-02-10 18:21:00,21.71,44.92,67.8,1
2026-02-10 18:21:01,21.74,44.93,67.92,1
2026-02-10 18:21:02,21.7,45.17,68.0,1
2026-02-10 18:21:03,21.68,45.07,67.7,1
2026-02-10 18:21:04,21.77,44.97,67.82,1
2026-02-10 18:21:05,21.83,45.01,67.51,1
2026-02-10 18:21:06,21.7,45.01,67.34,1
2026-02-10 18:21:07,21.78,45.07,67.52,1
2026-02-10 18:21:08,21.74,44.99,66.97,1
2026-02-10 18:21:09,21.84,44.95,66.36,1
2026-02-10 18:21:10,21.86,44.77,66.39,1
2026-02-10 18:21:11,21.87,44.97,66.75,1
2026-02-10 18:21:12,21.91,45.18,66.51,1
2026-02-10 18:21:13,21.95,44.96,66.6,1
2026-02-10 18:21:14,21.95,45.1,66.63,1
2026-02-10 18:21:15,21.9,45.01,66.86,1
2026-02-10 18:21:16,21.94,44.99,67.04,1
2026-02-10 18:21:17,22.04,44.84,67.52,1
2026-02-10 18:21:18,22.04,44.85,67.59,1
2026-02-10 18:21:19,22.06,44.84,67.47,1
2026-02-10 18:21:20,22.03,44.93,67.36,1
2026-02-10 18:21:21,22.09,44.83,67.68,1
2026-02-10 18:21:22,22.14,44.94,67.65,1
2026-02-10 18:21:23,22.11,45.14,68.17,1
2026-02-10 18:21:24,22.16,45.07,68.43,1
2026-02-10 18:21:25,22.18,44.98,68.51,1
2026-02-10 18:21:26,22.14,45.01,68.8,1
2026-02-10 18:21:27,22.14,45.02,68.23,1
2026-02-10 18:21:28,22.1,44.94,67.9,1
2026-02-10 18:21:29,22.13,45.03,68.04,1
2026-02-10 18:21:30,22.16,44.92,68.19,1
2026-02-10 18:21:31,22.09,44.78,68.3,1
2026-02-10 18:21:32,22.08,44.87,67.9,1
2026-02-10 18:21:33,22.05,44.82,68.3,1
2026-02-10 18:21:34,21.98,44.76,68.55,1
2026-02-10 18:21:35,21.92,44.65,68.33,1
2026-02-10 18:21:36,21.88,44.7,67.73,1
2026-02-10 18:21:37,21.92,44.77,67.63,1
2026-02-10 18:21:38,21.89,44.82,66.85,1
2026-02-10 18:21:39,21.98,44.68,66.64,1
2026-02-10 18:21:40,21.93,44.66,66.62,1
2026-02-10 18:21:41,21.94,44.83,66.53,1
2026-02-10 18:21:42,21.89,44.7,66.92,1
2026-02-10 18:21:43,21.89,44.62,66.76,1
2026-02-10 18:21:44,21.93,44.62,66.59,1
2026-02-10 18:21:45,22.01,44.66,66.58,1
2026-02-10 18:21:46,21.98,44.54,66.62,1
2026-02-10 18:21:47,22.01,44.53,66.45,1
2026-02-10 18:21:48,22.03,44.54,66.4,1
2026-02-10 18:21:49,22.08,44.49,66.14,1
2026-02-10 18:21:50,22.07,44.59,66.45,1
2026-02-10 18:21:51,22.16,44.61,66.54,1
2026-02-10 18:21:52,22.18,44.47,66.26,1
2026-02-10 18:21:53,22.12,44.53,66.1,1
2026-02-10 18:21:54,22.07,44.6,66.45,1
2026-02-10 18:21:55,22.09,44.49,66.04,1
2026-02-10 18:21:56,22.02,44.4,65.96,1
2026-02-10 18:21:57,22.04,44.47,66.1,1
2026-02-10 18:21:58,21.96,44.49,66.39,1
2026-02-10 18:21:59,21.88,44.49,66.46,1
2026-02-10 18:22:00,21.9,44.56,66.83,1
2026-02-10 18:22:01,21.87,44.59,67.33,1
2026-02-10 18:22:02,21.92,44.49,67.31,1
2026-02-10 18:22:03,21.9,44.39,67.4,1
2026-02-10 18:22:04,21.95,44.44,67.35,1
2026-02-10 18:22:05,21.96,44.59,67.16,1
2026-02-10 18:22:06,21.87,44.6,67.08,1
2026-02-10 18:22:07,22.27,44.54,68.31,1
2026-02-10 18:22:08,22.74,44.69,69.55,1
2026-02-10 18:22:09,23.17,44.68,70.88,1
2026-02-10 18:22:10,23.51,44.6,71.64,1
2026-02-10 18:22:11,23.86,44.55,71.63,1
2026-02-10 18:22:12,23.95,44.45,73.06,-1
2026-02-10 18:22:13,24.38,44.55,73.83,-1
2026-02-10 18:22:14,24.7,44.79,74.26,-1
2026-02-10 18:22:15,24.82,44.87,74.52,-1
2026-02-10 18:22:16,24.93,44.88,75.45,-1
2026-02-10 18:22:17,25.29,44.68,76.09,-1
2026-02-10 18:22:18,25.56,44.79,76.17,-1
2026-02-10 18:22:19,25.8,44.83,76.43,-1
2026-02-10 18:22:20,26.07,45.04,77.83,-1
2026-02-10 18:22:21,26.4,44.97,78.59,-1
2026-02-10 18:22:22,26.77,44.94,79.23,-1
2026-02-10 18:22:23,27.07,45.09,80.26,-1
2026-02-10 18:22:24,27.31,45.12,80.77,-1
2026-02-10 18:22:25,27.51,45.06,81.29,-1
2026-02-10 18:22:26,27.8,44.93,82.57,-1
2026-02-10 18:22:27,27.91,44.71,82.75,-1
2026-02-10 18:22:28,28.0,44.91,83.21,-1
2026-02-10 18:22:29,28.06,44.8,84.06,-1
2026-02-10 18:22:30,28.03,44.94,84.77,-1
2026-02-10 18:22:31,28.09,45.07,85.51,-1
2026-02-10 18:22:32,28.18,44.87,85.63,-1
2026-02-10 18:22:33,28.42,45.0,86.61,-1
2026-02-10 18:22:34,28.69,45.13,86.38,-1
2026-02-10 18:22:35,28.69,45.0,86.95,-1
2026-02-10 18:22:36,28.83,45.1,87.52,-1
2026-02-10 18:22:37,28.76,45.07,88.47,-1
2026-02-10 18:22:38,29.18,45.31,87.67,-1
2026-02-10 18:22:39,29.23,45.25,87.9,-1
2026-02-10 18:22:40,29.35,45.22,87.83,-1
2026-02-10 18:22:41,29.3,45.1,88.42,-1
2026-02-10 18:22:42,29.36,45.06,89.7,-1
2026-02-10 18:22:43,29.44,45.12,89.63,-1
2026-02-10 18:22:44,29.57,45.08,89.87,-1
2026-02-10 18:22:45,29.57,45.1,90.62,-1
2026-02-10 18:22:46,29.72,45.02,91.38,-1
2026-02-10 18:22:47,29.66,45.17,92.18,-1
2026-02-10 18:22:48,29.67,45.2,92.29,-1
2026-02-10 18:22:49,29.61,45.29,92.55,-1
2026-02-10 18:22:50,29.81,45.37,93.15,-1
2026-02-10 18:22:51,29.79,45.13,93.8,-1
2026-02-10 18:22:52,29.81,45.2,93.97,-1
2026-02-10 18:22:53,29.98,45.34,94.73,-1
2026-02-10 18:22:54,29.88,45.47,95.25,-1
2026-02-10 18:22:55,29.81,45.49,94.77,-1
2026-02-10 18:22:56,29.89,45.66,94.54,-1
2026-02-10 18:22:57,29.85,45.5,94.25,-1
2026-02-10 18:22:58,29.9,45.48,94.82,-1
2026-02-10 18:22:59,29.77,45.47,94.88,-1
2026-02-10 18:23:00,29.75,45.33,94.6,-1
2026-02-10 18:23:01,29.78,45.18,94.64,-1
2026-02-10 18:23:02,29.93,44.98,95.23,-1
2026-02-10 18:23:03,29.94,44.93,95.03,-1
2026-02-10 18:23:04,30.06,44.96,95.05,-1
2026-02-10 18:23:05,29.83,44.83,94.66,-1
2026-02-10 18:23:06,29.84,44.78,94.97,-1
2026-02-10 18:23:07,29.76,44.78,94.3,-1
2026-02-10 18:23:08,29.8,44.92,94.07,-1
2026-02-10 18:23:09,29.71,44.87,93.66,-1
2026-02-10 18:23:10,29.66,44.61,94.56,-1
2026-02-10 18:23:11,29.59,44.55,94.0,-1
2026-02-10 18:23:12,29.76,44.44,94.8,-1
2026-02-10 18:23:13,29.77,44.49,94.54,-1
2026-02-10 18:23:14,29.62,44.48,94.46,-1
2026-02-10 18:23:15,29.65,44.53,94.8,-1
2026-02-10 18:23:16,29.69,44.42,94.54,-1
2026-02-10 18:23:17,29.69,44.37,94.97,-1
2026-02-10 18:23:18,29.63,44.32,95.47,-1
2026-02-10 18:23:19,29.67,44.28,95.36,-1
2026-02-10 18:23:20,29.69,44.32,95.87,-1
2026-02-10 18:23:21,29.65,44.3,95.67,-1
2026-02-10 18:23:22,29.85,44.23,95.3,-1
2026-02-10 18:23:23,29.72,44.22,95.64,-1
2026-02-10 18:23:24,29.6,44.3,96.08,-1
2026-02-10 18:23:25,29.31,44.29,96.39,-1
2026-02-10 18:23:26,29.29,44.4,96.05,-1
2026-02-10 18:23:27,29.32,44.46,96.24,-1
2026-02-10 18:23:28,29.61,44.56,96.17,-1
2026-02-10 18:23:29,29.69,44.57,96.56,-1
2026-02-10 18:23:30,29.75,44.55,96.5,-1
2026-02-10 18:23:31,29.8,44.56,96.96,-1
2026-02-10 18:23:32,29.44,44.73,97.71,-1
2026-02-10 18:23:33,29.3,44.66,98.33,-1
2026-02-10 18:23:34,29.41,44.76,98.51,-1
2026-02-10 18:23:35,29.45,44.74,99.3,-1
2026-02-10 18:23:36,29.45,44.7,98.69,-1
2026-02-10 18:23:37,29.43,44.83,98.11,-1
2026-02-10 18:23:38,29.47,44.88,99.01,-1
2026-02-10 18:23:39,29.41,44.93,99.32,-1
2026-02-10 18:23:40,29.47,45.04,98.84,-1
2026-02-10 18:23:41,29.08,44.88,97.75,-1
2026-02-10 18:23:42,28.74,44.99,96.89,-1
2026-02-10 18:23:43,28.3,45.07,95.91,-1
2026-02-10 18:23:44,27.96,45.25,94.92,-1
2026-02-10 18:23:45,27.63,45.4,94.26,-1
2026-02-10 18:23:46,27.31,45.4,93.1,-1
2026-02-10 18:23:47,27.1,45.41,92.02,-1
2026-02-10 18:23:48,26.82,45.54,91.66,-1
2026-02-10 18:23:49,26.66,45.59,90.91,-1
2026-02-10 18:23:50,26.43,45.48,90.35,-1
2026-02-10 18:23:51,26.11,45.54,89.9,-1
2026-02-10 18:23:52,25.85,45.48,89.51,-1
2026-02-10 18:23:53,25.68,45.37,89.08,-1
2026-02-10 18:23:54,25.52,45.39,88.52,-1
2026-02-10 18:23:55,25.34,45.37,87.88,-1
2026-02-10 18:23:56,25.24,45.4,87.4,-1
2026-02-10 18:23:57,25.03,45.33,86.62,-1
2026-02-10 18:23:58,24.8,45.6,85.57,-1
2026-02-10 18:23:59,24.75,45.66,84.68,-1
2026-02-10 18:24:00,24.63,45.66,83.81,-1
2026-02-10 18:24:01,24.43,45.6,83.78,-1
2026-02-10 18:24:02,24.35,45.39,83.03,-1
2026-02-10 18:24:03,24.2,45.34,82.4,-1
2026-02-10 18:24:04,24.02,45.16,82.19,-1
2026-02-10 18:24:05,23.94,45.05,81.35,-1
2026-02-10 18:24:06,23.85,45.14,81.11,-1
2026-02-10 18:24:07,23.75,45.16,80.49,-1
2026-02-10 18:24:08,23.76,45.33,79.89,-1
2026-02-10 18:24:09,23.71,45.43,79.24,-1
2026-02-10 18:24:10,23.65,45.51,78.7,-1
2026-02-10 18:24:11,23.63,45.49,78.07,-1
2026-02-10 18:24:12,23.49,45.36,77.8,1
2026-02-10 18:24:13,23.4,45.33,77.09,1
2026-02-10 18:24:14,23.29,45.27,76.52,1
2026-02-10 18:24:15,23.21,45.35,76.35,1
2026-02-10 18:24:16,23.21,45.33,76.37,1
2026-02-10 18:24:17,23.11,45.22,75.98,1
2026-02-10 18:24:18,23.01,45.21,75.4,1
2026-02-10 18:24:19,22.95,45.11,74.9,1
2026-02-10 18:24:20,22.91,45.03,74.54,1
2026-02-10 18:24:21,22.91,45.12,74.14,1
2026-02-10 18:24:22,22.91,45.17,73.72,1
2026-02-10 18:24:23,22.83,44.99,73.24,1
2026-02-10 18:24:24,22.82,45.03,73.09,1
2026-02-10 18:24:25,22.8,45.08,72.91,1
2026-02-10 18:24:26,22.75,45.15,72.4,1
2026-02-10 18:24:27,22.72,45.06,71.8,1
2026-02-10 18:24:28,22.65,45.03,71.61,1
2026-02-10 18:24:29,22.54,44.93,71.03,1
2026-02-10 18:24:30,22.56,44.97,70.65,1
2026-02-10 18:24:31,22.48,44.95,70.31,1
2026-02-10 18:24:32,22.47,44.86,70.33,1
2026-02-10 18:24:33,22.43,44.71,70.37,1
2026-02-10 18:24:34,22.34,44.69,70.38,1
2026-02-10 18:24:35,22.37,44.8,70.47,1
2026-02-10 18:24:36,22.35,44.85,70.26,1
2026-02-10 18:24:37,22.34,44.83,70.15,1
2026-02-10 18:24:38,22.37,44.71,70.24,1
2026-02-10 18:24:39,22.39,44.7,70.45,1
2026-02-10 18:24:40,22.25,44.57,70.88,1
2026-02-10 18:24:41,22.19,44.67,70.79,1
2026-02-10 18:24:42,22.19,44.71,70.78,1
2026-02-10 18:24:43,22.25,44.63,70.92,1
2026-02-10 18:24:44,22.28,44.71,70.92,1
2026-02-10 18:24:45,22.29,44.65,70.64,1
2026-02-10 18:24:46,22.3,44.6,70.49,1
2026-02-10 18:24:47,22.3,44.55,70.64,1
2026-02-10 18:24:48,22.34,44.58,70.91,1
2026-02-10 18:24:49,22.37,44.64,71.12,1
2026-02-10 18:24:50,22.36,44.68,71.66,1
2026-02-10 18:24:51,22.39,44.69,71.83,1
2026-02-10 18:24:52,22.34,44.62,71.55,1
2026-02-10 18:24:53,22.34,44.73,71.23,1
2026-02-10 18:24:54,22.35,44.87,70.97,1
2026-02-10 18:24:55,22.36,45.05,70.4,1
2026-02-10 18:24:56,22.36,45.11,70.63,1
2026-02-10 18:24:57,22.33,45.11,70.65,1
2026-02-10 18:24:58,22.4,45.15,70.66,1
2026-02-10 18:24:59,22.43,45.06,70.23,1
2026-02-10 18:25:00,22.4,45.05,69.96,1
2026-02-10 18:25:01,22.33,45.02,69.76,1
2026-02-10 18:25:02,22.26,45.21,69.38,1
2026-02-10 18:25:03,22.2,45.03,69.93,1
2026-02-10 18:25:04,22.24,44.94,70.28,1
2026-02-10 18:25:05,22.27,45.01,70.49,1
2026-02-10 18:25:06,22.43,44.92,70.62,1
2026-02-10 18:25:07,22.43,45.01,70.94,1
2026-02-10 18:25:08,22.4,44.96,70.67,1
2026-02-10 18:25:09,22.43,44.89,70.23,1
2026-02-10 18:25:10,22.41,44.67,70.51,1
2026-02-10 18:25:11,22.39,44.66,70.31,1
2026-02-10 18:25:12,22.34,44.86,70.18,1
2026-02-10 18:25:13,22.28,44.92,69.87,1
2026-02-10 18:25:14,22.29,44.84,69.52,1
2026-02-10 18:25:15,22.25,44.7,69.23,1
2026-02-10 18:25:16,22.28,44.59,69.48,1
2026-02-10 18:25:17,22.31,44.74,69.38,1
2026-02-10 18:25:18,22.23,44.62,69.66,1
2026-02-10 18:25:19,22.2,44.7,70.02,1
2026-02-11 10:03:52,22.03,44.83,68.63,1
2026-02-11 10:03:53,22.05,44.78,68.64,1
2026-02-11 10:03:54,22.07,44.88,69.39,1
2026-02-11 10:03:55,22.06,44.82,69.9,1
2026-02-11 10:03:56,22.0,44.91,69.42,1
2026-02-11 10:03:57,22.06,44.79,69.18,1
2026-02-11 10:03:58,22.03,44.75,68.68,1
2026-02-11 10:03:59,21.98,44.55,68.82,1
2026-02-11 10:04:00,21.9,44.59,68.72,1
2026-02-11 10:04:01,21.85,44.62,68.85,1
2026-02-11 10:04:02,21.93,44.52,68.82,1
2026-02-11 10:04:03,21.9,44.53,68.94,1
2026-02-11 10:04:04,21.93,44.39,68.74,1
2026-02-11 10:04:05,21.88,44.48,69.58,1
2026-02-11 10:04:06,21.83,44.58,69.83,1
2026-02-11 10:04:07,21.8,44.5,69.26,1
2026-02-11 10:04:08,21.91,44.57,69.05,1
2026-02-11 10:04:09,21.95,44.52,69.22,1
2026-02-11 10:04:10,22.01,44.53,68.81,1
2026-02-11 10:04:11,22.08,44.56,68.53,1
2026-02-11 10:04:12,22.12,44.56,68.11,1
2026-02-11 10:04:13,22.02,44.6,68.07,1
2026-02-11 10:04:14,21.96,44.57,68.33,1
2026-02-11 10:04:15,21.92,44.51,68.2,1
2026-02-11 10:04:16,21.88,44.46,67.92,1
2026-02-11 10:04:17,21.92,44.41,68.14,1
2026-02-11 10:04:18,21.95,44.44,68.4,1
2026-02-11 10:04:19,21.92,44.54,68.12,1
2026-02-11 10:04:20,21.92,44.6,67.81,1
2026-02-11 10:04:21,21.89,44.59,67.65,1
2026-02-11 10:04:22,21.91,44.58,67.72,1
2026-02-11 10:04:23,21.88,44.64,67.82,1
2026-02-11 10:04:24,21.89,44.78,68.1,1
2026-02-11 10:04:25,21.8,44.88,67.78,1
2026-02-11 10:04:26,21.79,45.09,67.75,1
2026-02-11 10:04:27,21.76,45.27,68.65,1
2026-02-11 10:04:28,21.68,45.25,68.34,1
2026-02-11 10:04:29,21.71,45.24,68.18,1
2026-02-11 10:04:30,21.72,45.26,68.34,1
2026-02-11 10:04:31,21.68,45.38,68.38,1
2026-02-11 10:04:32,21.77,45.15,68.57,1
2026-02-11 10:04:33,21.81,45.13,68.7,1
2026-02-11 10:04:34,21.77,45.02,68.62,1
2026-02-11 10:04:35,21.75,45.08,68.66,1
2026-02-11 10:04:36,21.83,45.1,68.59,1
2026-02-11 10:04:37,21.76,45.06,68.64,1
2026-02-11 10:04:38,21.81,45.05,68.95,1
2026-02-11 10:04:39,21.79,45.11,68.69,1
2026-02-11 10:04:40,21.83,44.88,68.73,1
2026-02-11 10:04:41,21.92,45.03,68.41,1
2026-02-11 10:04:42,21.99,44.96,68.08,1
2026-02-11 10:04:43,22.0,44.76,67.86,1
2026-02-11 10:04:44,22.05,44.87,67.37,1
2026-02-11 10:04:45,21.99,44.89,67.22,1
2026-02-11 10:04:46,22.02,44.9,67.38,1
2026-02-11 10:04:47,21.99,44.94,67.25,1
2026-02-11 10:04:48,21.98,44.91,67.66,1
2026-02-11 10:04:49,21.98,44.88,67.88,1
2026-02-11 10:04:50,21.98,44.95,68.22,1
2026-02-11 10:04:51,22.05,45.18,67.94,1
2026-02-11 10:04:52,22.01,45.05,67.89,1
2026-02-11 10:04:53,22.01,45.27,67.74,1
2026-02-11 10:04:54,22.05,45.32,67.68,1
2026-02-11 10:04:55,22.01,45.33,67.78,1
2026-02-11 10:04:56,22.06,44.97,68.41,1
2026-02-11 10:04:57,22.16,45.01,68.68,1
2026-02-11 10:04:58,22.23,45.05,69.33,1
2026-02-11 10:04:59,22.09,45.14,69.05,1
2026-02-11 10:05:00,22.02,45.26,69.03,1
2026-02-11 10:05:01,22.04,45.19,68.71,1
2026-02-11 10:05:02,22.07,45.27,68.59,1
2026-02-11 10:05:03,22.11,45.14,68.39,1
2026-02-11 10:05:04,22.15,45.15,68.31,1
2026-02-11 10:05:05,22.12,45.06,67.7,1
2026-02-11 10:05:06,22.1,45.01,67.74,1
2026-02-11 10:05:07,22.1,45.06,67.78,1
2026-02-11 10:05:08,22.14,45.25,67.97,1
2026-02-11 10:05:09,22.13,45.2,68.06,1
2026-02-11 10:05:10,22.07,45.2,68.48,1
2026-02-11 10:05:11,22.09,45.37,68.18,1
2026-02-11 10:05:12,22.16,45.34,68.3,1
2026-02-11 10:05:13,22.13,45.24,67.92,1
2026-02-11 10:05:14,22.04,45.21,67.39,1
2026-02-11 10:05:15,22.09,45.14,67.57,1
2026-02-11 10:05:16,22.12,45.02,67.7,1
2026-02-11 10:05:17,22.16,45.17,67.88,1
2026-02-11 10:05:18,22.06,45.08,68.07,1
2026-02-11 10:05:19,22.02,45.14,67.66,1
2026-02-11 10:05:20,21.99,45.14,67.76,1
2026-02-11 10:05:21,21.99,45.17,67.9,1
2026-02-11 10:05:22,21.82,45.09,67.9,1
2026-02-11 10:05:23,21.75,45.11,67.49,1
2026-02-11 10:05:24,21.8,45.28,67.14,1
2026-02-11 10:05:25,21.81,45.27,67.59,1
2026-02-11 10:05:26,21.83,45.47,67.78,1
2026-02-11 10:05:27,21.8,45.45,67.93,1
2026-02-11 10:05:28,21.9,45.45,68.23,1
2026-02-11 10:05:29,21.91,45.47,68.11,1
2026-02-11 10:05:30,21.92,45.54,68.56,1
2026-02-11 10:05:31,21.96,45.59,68.79,1
2026-02-11 10:05:32,21.9,45.51,69.31,1
2026-02-11 10:05:33,21.96,45.51,69.25,1
2026-02-11 10:05:34,21.94,45.36,69.28,1
2026-02-11 10:05:35,21.89,45.22,69.05,1
2026-02-11 10:05:36,21.9,45.31,69.21,1
2026-02-11 10:05:37,21.93,45.14,69.34,1
2026-02-11 10:05:38,21.94,45.15,69.41,1
2026-02-11 10:05:39,21.87,45.32,69.7,1
2026-02-11 10:05:40,21.86,45.44,69.76,1
2026-02-11 10:05:41,21.91,45.43,69.52,1
2026-02-11 10:05:42,21.91,45.43,69.06,1
2026-02-11 10:05:43,21.88,45.53,69.03,1
2026-02-11 10:05:44,21.96,45.5,69.0,1
2026-02-11 10:05:45,22.01,45.34,69.32,1
2026-02-11 10:05:46,22.11,45.46,69.07,1
2026-02-11 10:05:47,22.09,45.46,68.69,1
2026-02-11 10:05:48,22.13,45.3,68.89,1
2026-02-11 10:05:49,22.23,45.27,68.66,1
2026-02-11 10:05:50,22.17,45.2,68.78,1
2026-02-11 10:05:51,22.17,45.16,68.8,1
2026-02-11 10:05:52,22.26,45.18,68.87,1
2026-02-11 10:05:53,22.2,45.16,69.01,1
2026-02-11 10:05:54,22.19,45.15,68.42,1
2026-02-11 10:05:55,22.18,45.17,68.48,1
2026-02-11 10:05:56,22.15,45.11,68.07,1
2026-02-11 10:05:57,22.13,45.24,67.87,1
2026-02-11 10:05:58,22.11,45.05,68.05,1
2026-02-11 10:05:59,22.16,44.99,67.64,1
2026-02-11 10:06:00,22.2,44.82,67.21,1
2026-02-11 10:06:01,22.2,44.94,67.02,1
2026-02-11 10:06:02,22.17,44.9,67.46,1
2026-02-11 10:06:03,22.19,45.02,67.07,1
2026-02-11 10:06:04,22.15,45.02,67.3,1
2026-02-11 10:06:05,22.19,45.01,66.95,1
2026-02-11 10:06:06,22.23,45.03,67.37,1
2026-02-11 10:06:07,22.19,45.14,67.46,1
2026-02-11 10:06:08,22.21,45.35,67.74,1
2026-02-11 10:06:09,22.25,45.27,68.14,1
2026-02-11 10:06:10,22.24,45.2,67.99,1
